Data,Ano,Mes,Dia,Trimestre,Semana_Ano,Nome_Mes,Nome_Mes_Abrev,AnoMes,Inicio_Mes,Fim_Mes,Dia_Semana,Nome_Dia_Semana,Eh_FimDeSemana,Ano_Fiscal_Abr,Mes_Fiscal_Abr
2023-01-01,2023,1,1,1,52,January,Jan,2023-01,2023-01-01,2023-01-31,7,Sunday,True,2022,10
2023-01-02,2023,1,2,1,1,January,Jan,2023-01,2023-01-01,2023-01-31,1,Monday,False,2022,10
2023-01-03,2023,1,3,1,1,January,Jan,2023-01,2023-01-01,2023-01-31,2,Tuesday,False,2022,10
2023-01-04,2023,1,4,1,1,January,Jan,2023-01,2023-01-01,2023-01-31,3,Wednesday,False,2022,10
2023-01-05,2023,1,5,1,1,January,Jan,2023-01,2023-01-01,2023-01-31,4,Thursday,False,2022,10
2023-01-06,2023,1,6,1,1,January,Jan,2023-01,2023-01-01,2023-01-31,5,Friday,False,2022,10
2023-01-07,2023,1,7,1,1,January,Jan,2023-01,2023-01-01,2023-01-31,6,Saturday,True,2022,10
2023-01-08,2023,1,8,1,1,January,Jan,2023-01,2023-01-01,2023-01-31,7,Sunday,True,2022,10
2023-01-09,2023,1,9,1,2,January,Jan,2023-01,2023-01-01,2023-01-31,1,Monday,False,2022,10
2023-01-10,2023,1,10,1,2,January,Jan,2023-01,2023-01-01,2023-01-31,2,Tuesday,False,2022,10
2023-01-11,2023,1,11,1,2,January,Jan,2023-01,2023-01-01,2023-01-31,3,Wednesday,False,2022,10
2023-01-12,2023,1,12,1,2,January,Jan,2023-01,2023-01-01,2023-01-31,4,Thursday,False,2022,10
2023-01-13,2023,1,13,1,2,January,Jan,2023-01,2023-01-01,2023-01-31,5,Friday,False,2022,10
2023-01-14,2023,1,14,1,2,January,Jan,2023-01,2023-01-01,2023-01-31,6,Saturday,True,2022,10
2023-01-15,2023,1,15,1,2,January,Jan,2023-01,2023-01-01,2023-01-31,7,Sunday,True,2022,10
2023-01-16,2023,1,16,1,3,January,Jan,2023-01,2023-01-01,2023-01-31,1,Monday,False,2022,10
2023-01-17,2023,1,17,1,3,January,Jan,2023-01,2023-01-01,2023-01-31,2,Tuesday,False,2022,10
2023-01-18,2023,1,18,1,3,January,Jan,2023-01,2023-01-01,2023-01-31,3,Wednesday,False,2022,10
2023-01-19,2023,1,19,1,3,January,Jan,2023-01,2023-01-01,2023-01-31,4,Thursday,False,2022,10
2023-01-20,2023,1,20,1,3,January,Jan,2023-01,2023-01-01,2023-01-31,5,Friday,False,2022,10
2023-01-21,2023,1,21,1,3,January,Jan,2023-01,2023-01-01,2023-01-31,6,Saturday,True,2022,10
2023-01-22,2023,1,22,1,3,January,Jan,2023-01,2023-01-01,2023-01-31,7,Sunday,True,2022,10
2023-01-23,2023,1,23,1,4,January,Jan,2023-01,2023-01-01,2023-01-31,1,Monday,False,2022,10
2023-01-24,2023,1,24,1,4,January,Jan,2023-01,2023-01-01,2023-01-31,2,Tuesday,False,2022,10
2023-01-25,2023,1,25,1,4,January,Jan,2023-01,2023-01-01,2023-01-31,3,Wednesday,False,2022,10
2023-01-26,2023,1,26,1,4,January,Jan,2023-01,2023-01-01,2023-01-31,4,Thursday,False,2022,10
2023-01-27,2023,1,27,1,4,January,Jan,2023-01,2023-01-01,2023-01-31,5,Friday,False,2022,10
2023-01-28,2023,1,28,1,4,January,Jan,2023-01,2023-01-01,2023-01-31,6,Saturday,True,2022,10
2023-01-29,2023,1,29,1,4,January,Jan,2023-01,2023-01-01,2023-01-31,7,Sunday,True,2022,10
2023-01-30,2023,1,30,1,5,January,Jan,2023-01,2023-01-01,2023-01-31,1,Monday,False,2022,10
2023-01-31,2023,1,31,1,5,January,Jan,2023-01,2023-01-01,2023-01-31,2,Tuesday,False,2022,10
2023-02-01,2023,2,1,1,5,February,Feb,2023-02,2023-02-01,2023-02-28,3,Wednesday,False,2022,11
2023-02-02,2023,2,2,1,5,February,Feb,2023-02,2023-02-01,2023-02-28,4,Thursday,False,2022,11
2023-02-03,2023,2,3,1,5,February,Feb,2023-02,2023-02-01,2023-02-28,5,Friday,False,2022,11
2023-02-04,2023,2,4,1,5,February,Feb,2023-02,2023-02-01,2023-02-28,6,Saturday,True,2022,11
2023-02-05,2023,2,5,1,5,February,Feb,2023-02,2023-02-01,2023-02-28,7,Sunday,True,2022,11
2023-02-06,2023,2,6,1,6,February,Feb,2023-02,2023-02-01,2023-02-28,1,Monday,False,2022,11
2023-02-07,2023,2,7,1,6,February,Feb,2023-02,2023-02-01,2023-02-28,2,Tuesday,False,2022,11
2023-02-08,2023,2,8,1,6,February,Feb,2023-02,2023-02-01,2023-02-28,3,Wednesday,False,2022,11
2023-02-09,2023,2,9,1,6,February,Feb,2023-02,2023-02-01,2023-02-28,4,Thursday,False,2022,11
2023-02-10,2023,2,10,1,6,February,Feb,2023-02,2023-02-01,2023-02-28,5,Friday,False,2022,11
2023-02-11,2023,2,11,1,6,February,Feb,2023-02,2023-02-01,2023-02-28,6,Saturday,True,2022,11
2023-02-12,2023,2,12,1,6,February,Feb,2023-02,2023-02-01,2023-02-28,7,Sunday,True,2022,11
2023-02-13,2023,2,13,1,7,February,Feb,2023-02,2023-02-01,2023-02-28,1,Monday,False,2022,11
2023-02-14,2023,2,14,1,7,February,Feb,2023-02,2023-02-01,2023-02-28,2,Tuesday,False,2022,11
2023-02-15,2023,2,15,1,7,February,Feb,2023-02,2023-02-01,2023-02-28,3,Wednesday,False,2022,11
2023-02-16,2023,2,16,1,7,February,Feb,2023-02,2023-02-01,2023-02-28,4,Thursday,False,2022,11
2023-02-17,2023,2,17,1,7,February,Feb,2023-02,2023-02-01,2023-02-28,5,Friday,False,2022,11
2023-02-18,2023,2,18,1,7,February,Feb,2023-02,2023-02-01,2023-02-28,6,Saturday,True,2022,11
2023-02-19,2023,2,19,1,7,February,Feb,2023-02,2023-02-01,2023-02-28,7,Sunday,True,2022,11
2023-02-20,2023,2,20,1,8,February,Feb,2023-02,2023-02-01,2023-02-28,1,Monday,False,2022,11
2023-02-21,2023,2,21,1,8,February,Feb,2023-02,2023-02-01,2023-02-28,2,Tuesday,False,2022,11
2023-02-22,2023,2,22,1,8,February,Feb,2023-02,2023-02-01,2023-02-28,3,Wednesday,False,2022,11
2023-02-23,2023,2,23,1,8,February,Feb,2023-02,2023-02-01,2023-02-28,4,Thursday,False,2022,11
2023-02-24,2023,2,24,1,8,February,Feb,2023-02,2023-02-01,2023-02-28,5,Friday,False,2022,11
2023-02-25,2023,2,25,1,8,February,Feb,2023-02,2023-02-01,2023-02-28,6,Saturday,True,2022,11
2023-02-26,2023,2,26,1,8,February,Feb,2023-02,2023-02-01,2023-02-28,7,Sunday,True,2022,11
2023-02-27,2023,2,27,1,9,February,Feb,2023-02,2023-02-01,2023-02-28,1,Monday,False,2022,11
2023-02-28,2023,2,28,1,9,February,Feb,2023-02,2023-02-01,2023-02-28,2,Tuesday,False,2022,11
2023-03-01,2023,3,1,1,9,March,Mar,2023-03,2023-03-01,2023-03-31,3,Wednesday,False,2022,12
2023-03-02,2023,3,2,1,9,March,Mar,2023-03,2023-03-01,2023-03-31,4,Thursday,False,2022,12
2023-03-03,2023,3,3,1,9,March,Mar,2023-03,2023-03-01,2023-03-31,5,Friday,False,2022,12
2023-03-04,2023,3,4,1,9,March,Mar,2023-03,2023-03-01,2023-03-31,6,Saturday,True,2022,12
2023-03-05,2023,3,5,1,9,March,Mar,2023-03,2023-03-01,2023-03-31,7,Sunday,True,2022,12
2023-03-06,2023,3,6,1,10,March,Mar,2023-03,2023-03-01,2023-03-31,1,Monday,False,2022,12
2023-03-07,2023,3,7,1,10,March,Mar,2023-03,2023-03-01,2023-03-31,2,Tuesday,False,2022,12
2023-03-08,2023,3,8,1,10,March,Mar,2023-03,2023-03-01,2023-03-31,3,Wednesday,False,2022,12
2023-03-09,2023,3,9,1,10,March,Mar,2023-03,2023-03-01,2023-03-31,4,Thursday,False,2022,12
2023-03-10,2023,3,10,1,10,March,Mar,2023-03,2023-03-01,2023-03-31,5,Friday,False,2022,12
2023-03-11,2023,3,11,1,10,March,Mar,2023-03,2023-03-01,2023-03-31,6,Saturday,True,2022,12
2023-03-12,2023,3,12,1,10,March,Mar,2023-03,2023-03-01,2023-03-31,7,Sunday,True,2022,12
2023-03-13,2023,3,13,1,11,March,Mar,2023-03,2023-03-01,2023-03-31,1,Monday,False,2022,12
2023-03-14,2023,3,14,1,11,March,Mar,2023-03,2023-03-01,2023-03-31,2,Tuesday,False,2022,12
2023-03-15,2023,3,15,1,11,March,Mar,2023-03,2023-03-01,2023-03-31,3,Wednesday,False,2022,12
2023-03-16,2023,3,16,1,11,March,Mar,2023-03,2023-03-01,2023-03-31,4,Thursday,False,2022,12
2023-03-17,2023,3,17,1,11,March,Mar,2023-03,2023-03-01,2023-03-31,5,Friday,False,2022,12
2023-03-18,2023,3,18,1,11,March,Mar,2023-03,2023-03-01,2023-03-31,6,Saturday,True,2022,12
2023-03-19,2023,3,19,1,11,March,Mar,2023-03,2023-03-01,2023-03-31,7,Sunday,True,2022,12
2023-03-20,2023,3,20,1,12,March,Mar,2023-03,2023-03-01,2023-03-31,1,Monday,False,2022,12
2023-03-21,2023,3,21,1,12,March,Mar,2023-03,2023-03-01,2023-03-31,2,Tuesday,False,2022,12
2023-03-22,2023,3,22,1,12,March,Mar,2023-03,2023-03-01,2023-03-31,3,Wednesday,False,2022,12
2023-03-23,2023,3,23,1,12,March,Mar,2023-03,2023-03-01,2023-03-31,4,Thursday,False,2022,12
2023-03-24,2023,3,24,1,12,March,Mar,2023-03,2023-03-01,2023-03-31,5,Friday,False,2022,12
2023-03-25,2023,3,25,1,12,March,Mar,2023-03,2023-03-01,2023-03-31,6,Saturday,True,2022,12
2023-03-26,2023,3,26,1,12,March,Mar,2023-03,2023-03-01,2023-03-31,7,Sunday,True,2022,12
2023-03-27,2023,3,27,1,13,March,Mar,2023-03,2023-03-01,2023-03-31,1,Monday,False,2022,12
2023-03-28,2023,3,28,1,13,March,Mar,2023-03,2023-03-01,2023-03-31,2,Tuesday,False,2022,12
2023-03-29,2023,3,29,1,13,March,Mar,2023-03,2023-03-01,2023-03-31,3,Wednesday,False,2022,12
2023-03-30,2023,3,30,1,13,March,Mar,2023-03,2023-03-01,2023-03-31,4,Thursday,False,2022,12
2023-03-31,2023,3,31,1,13,March,Mar,2023-03,2023-03-01,2023-03-31,5,Friday,False,2022,12
2023-04-01,2023,4,1,2,13,April,Apr,2023-04,2023-04-01,2023-04-30,6,Saturday,True,2023,1
2023-04-02,2023,4,2,2,13,April,Apr,2023-04,2023-04-01,2023-04-30,7,Sunday,True,2023,1
2023-04-03,2023,4,3,2,14,April,Apr,2023-04,2023-04-01,2023-04-30,1,Monday,False,2023,1
2023-04-04,2023,4,4,2,14,April,Apr,2023-04,2023-04-01,2023-04-30,2,Tuesday,False,2023,1
2023-04-05,2023,4,5,2,14,April,Apr,2023-04,2023-04-01,2023-04-30,3,Wednesday,False,2023,1
2023-04-06,2023,4,6,2,14,April,Apr,2023-04,2023-04-01,2023-04-30,4,Thursday,False,2023,1
2023-04-07,2023,4,7,2,14,April,Apr,2023-04,2023-04-01,2023-04-30,5,Friday,False,2023,1
2023-04-08,2023,4,8,2,14,April,Apr,2023-04,2023-04-01,2023-04-30,6,Saturday,True,2023,1
2023-04-09,2023,4,9,2,14,April,Apr,2023-04,2023-04-01,2023-04-30,7,Sunday,True,2023,1
2023-04-10,2023,4,10,2,15,April,Apr,2023-04,2023-04-01,2023-04-30,1,Monday,False,2023,1
2023-04-11,2023,4,11,2,15,April,Apr,2023-04,2023-04-01,2023-04-30,2,Tuesday,False,2023,1
2023-04-12,2023,4,12,2,15,April,Apr,2023-04,2023-04-01,2023-04-30,3,Wednesday,False,2023,1
2023-04-13,2023,4,13,2,15,April,Apr,2023-04,2023-04-01,2023-04-30,4,Thursday,False,2023,1
2023-04-14,2023,4,14,2,15,April,Apr,2023-04,2023-04-01,2023-04-30,5,Friday,False,2023,1
2023-04-15,2023,4,15,2,15,April,Apr,2023-04,2023-04-01,2023-04-30,6,Saturday,True,2023,1
2023-04-16,2023,4,16,2,15,April,Apr,2023-04,2023-04-01,2023-04-30,7,Sunday,True,2023,1
2023-04-17,2023,4,17,2,16,April,Apr,2023-04,2023-04-01,2023-04-30,1,Monday,False,2023,1
2023-04-18,2023,4,18,2,16,April,Apr,2023-04,2023-04-01,2023-04-30,2,Tuesday,False,2023,1
2023-04-19,2023,4,19,2,16,April,Apr,2023-04,2023-04-01,2023-04-30,3,Wednesday,False,2023,1
2023-04-20,2023,4,20,2,16,April,Apr,2023-04,2023-04-01,2023-04-30,4,Thursday,False,2023,1
2023-04-21,2023,4,21,2,16,April,Apr,2023-04,2023-04-01,2023-04-30,5,Friday,False,2023,1
2023-04-22,2023,4,22,2,16,April,Apr,2023-04,2023-04-01,2023-04-30,6,Saturday,True,2023,1
2023-04-23,2023,4,23,2,16,April,Apr,2023-04,2023-04-01,2023-04-30,7,Sunday,True,2023,1
2023-04-24,2023,4,24,2,17,April,Apr,2023-04,2023-04-01,2023-04-30,1,Monday,False,2023,1
2023-04-25,2023,4,25,2,17,April,Apr,2023-04,2023-04-01,2023-04-30,2,Tuesday,False,2023,1
2023-04-26,2023,4,26,2,17,April,Apr,2023-04,2023-04-01,2023-04-30,3,Wednesday,False,2023,1
2023-04-27,2023,4,27,2,17,April,Apr,2023-04,2023-04-01,2023-04-30,4,Thursday,False,2023,1
2023-04-28,2023,4,28,2,17,April,Apr,2023-04,2023-04-01,2023-04-30,5,Friday,False,2023,1
2023-04-29,2023,4,29,2,17,April,Apr,2023-04,2023-04-01,2023-04-30,6,Saturday,True,2023,1
2023-04-30,2023,4,30,2,17,April,Apr,2023-04,2023-04-01,2023-04-30,7,Sunday,True,2023,1
2023-05-01,2023,5,1,2,18,May,May,2023-05,2023-05-01,2023-05-31,1,Monday,False,2023,2
2023-05-02,2023,5,2,2,18,May,May,2023-05,2023-05-01,2023-05-31,2,Tuesday,False,2023,2
2023-05-03,2023,5,3,2,18,May,May,2023-05,2023-05-01,2023-05-31,3,Wednesday,False,2023,2
2023-05-04,2023,5,4,2,18,May,May,2023-05,2023-05-01,2023-05-31,4,Thursday,False,2023,2
2023-05-05,2023,5,5,2,18,May,May,2023-05,2023-05-01,2023-05-31,5,Friday,False,2023,2
2023-05-06,2023,5,6,2,18,May,May,2023-05,2023-05-01,2023-05-31,6,Saturday,True,2023,2
2023-05-07,2023,5,7,2,18,May,May,2023-05,2023-05-01,2023-05-31,7,Sunday,True,2023,2
2023-05-08,2023,5,8,2,19,May,May,2023-05,2023-05-01,2023-05-31,1,Monday,False,2023,2
2023-05-09,2023,5,9,2,19,May,May,2023-05,2023-05-01,2023-05-31,2,Tuesday,False,2023,2
2023-05-10,2023,5,10,2,19,May,May,2023-05,2023-05-01,2023-05-31,3,Wednesday,False,2023,2
2023-05-11,2023,5,11,2,19,May,May,2023-05,2023-05-01,2023-05-31,4,Thursday,False,2023,2
2023-05-12,2023,5,12,2,19,May,May,2023-05,2023-05-01,2023-05-31,5,Friday,False,2023,2
2023-05-13,2023,5,13,2,19,May,May,2023-05,2023-05-01,2023-05-31,6,Saturday,True,2023,2
2023-05-14,2023,5,14,2,19,May,May,2023-05,2023-05-01,2023-05-31,7,Sunday,True,2023,2
2023-05-15,2023,5,15,2,20,May,May,2023-05,2023-05-01,2023-05-31,1,Monday,False,2023,2
2023-05-16,2023,5,16,2,20,May,May,2023-05,2023-05-01,2023-05-31,2,Tuesday,False,2023,2
2023-05-17,2023,5,17,2,20,May,May,2023-05,2023-05-01,2023-05-31,3,Wednesday,False,2023,2
2023-05-18,2023,5,18,2,20,May,May,2023-05,2023-05-01,2023-05-31,4,Thursday,False,2023,2
2023-05-19,2023,5,19,2,20,May,May,2023-05,2023-05-01,2023-05-31,5,Friday,False,2023,2
2023-05-20,2023,5,20,2,20,May,May,2023-05,2023-05-01,2023-05-31,6,Saturday,True,2023,2
2023-05-21,2023,5,21,2,20,May,May,2023-05,2023-05-01,2023-05-31,7,Sunday,True,2023,2
2023-05-22,2023,5,22,2,21,May,May,2023-05,2023-05-01,2023-05-31,1,Monday,False,2023,2
2023-05-23,2023,5,23,2,21,May,May,2023-05,2023-05-01,2023-05-31,2,Tuesday,False,2023,2
2023-05-24,2023,5,24,2,21,May,May,2023-05,2023-05-01,2023-05-31,3,Wednesday,False,2023,2
2023-05-25,2023,5,25,2,21,May,May,2023-05,2023-05-01,2023-05-31,4,Thursday,False,2023,2
2023-05-26,2023,5,26,2,21,May,May,2023-05,2023-05-01,2023-05-31,5,Friday,False,2023,2
2023-05-27,2023,5,27,2,21,May,May,2023-05,2023-05-01,2023-05-31,6,Saturday,True,2023,2
2023-05-28,2023,5,28,2,21,May,May,2023-05,2023-05-01,2023-05-31,7,Sunday,True,2023,2
2023-05-29,2023,5,29,2,22,May,May,2023-05,2023-05-01,2023-05-31,1,Monday,False,2023,2
2023-05-30,2023,5,30,2,22,May,May,2023-05,2023-05-01,2023-05-31,2,Tuesday,False,2023,2
2023-05-31,2023,5,31,2,22,May,May,2023-05,2023-05-01,2023-05-31,3,Wednesday,False,2023,2
2023-06-01,2023,6,1,2,22,June,Jun,2023-06,2023-06-01,2023-06-30,4,Thursday,False,2023,3
2023-06-02,2023,6,2,2,22,June,Jun,2023-06,2023-06-01,2023-06-30,5,Friday,False,2023,3
2023-06-03,2023,6,3,2,22,June,Jun,2023-06,2023-06-01,2023-06-30,6,Saturday,True,2023,3
2023-06-04,2023,6,4,2,22,June,Jun,2023-06,2023-06-01,2023-06-30,7,Sunday,True,2023,3
2023-06-05,2023,6,5,2,23,June,Jun,2023-06,2023-06-01,2023-06-30,1,Monday,False,2023,3
2023-06-06,2023,6,6,2,23,June,Jun,2023-06,2023-06-01,2023-06-30,2,Tuesday,False,2023,3
2023-06-07,2023,6,7,2,23,June,Jun,2023-06,2023-06-01,2023-06-30,3,Wednesday,False,2023,3
2023-06-08,2023,6,8,2,23,June,Jun,2023-06,2023-06-01,2023-06-30,4,Thursday,False,2023,3
2023-06-09,2023,6,9,2,23,June,Jun,2023-06,2023-06-01,2023-06-30,5,Friday,False,2023,3
2023-06-10,2023,6,10,2,23,June,Jun,2023-06,2023-06-01,2023-06-30,6,Saturday,True,2023,3
2023-06-11,2023,6,11,2,23,June,Jun,2023-06,2023-06-01,2023-06-30,7,Sunday,True,2023,3
2023-06-12,2023,6,12,2,24,June,Jun,2023-06,2023-06-01,2023-06-30,1,Monday,False,2023,3
2023-06-13,2023,6,13,2,24,June,Jun,2023-06,2023-06-01,2023-06-30,2,Tuesday,False,2023,3
2023-06-14,2023,6,14,2,24,June,Jun,2023-06,2023-06-01,2023-06-30,3,Wednesday,False,2023,3
2023-06-15,2023,6,15,2,24,June,Jun,2023-06,2023-06-01,2023-06-30,4,Thursday,False,2023,3
2023-06-16,2023,6,16,2,24,June,Jun,2023-06,2023-06-01,2023-06-30,5,Friday,False,2023,3
2023-06-17,2023,6,17,2,24,June,Jun,2023-06,2023-06-01,2023-06-30,6,Saturday,True,2023,3
2023-06-18,2023,6,18,2,24,June,Jun,2023-06,2023-06-01,2023-06-30,7,Sunday,True,2023,3
2023-06-19,2023,6,19,2,25,June,Jun,2023-06,2023-06-01,2023-06-30,1,Monday,False,2023,3
2023-06-20,2023,6,20,2,25,June,Jun,2023-06,2023-06-01,2023-06-30,2,Tuesday,False,2023,3
2023-06-21,2023,6,21,2,25,June,Jun,2023-06,2023-06-01,2023-06-30,3,Wednesday,False,2023,3
2023-06-22,2023,6,22,2,25,June,Jun,2023-06,2023-06-01,2023-06-30,4,Thursday,False,2023,3
2023-06-23,2023,6,23,2,25,June,Jun,2023-06,2023-06-01,2023-06-30,5,Friday,False,2023,3
2023-06-24,2023,6,24,2,25,June,Jun,2023-06,2023-06-01,2023-06-30,6,Saturday,True,2023,3
2023-06-25,2023,6,25,2,25,June,Jun,2023-06,2023-06-01,2023-06-30,7,Sunday,True,2023,3
2023-06-26,2023,6,26,2,26,June,Jun,2023-06,2023-06-01,2023-06-30,1,Monday,False,2023,3
2023-06-27,2023,6,27,2,26,June,Jun,2023-06,2023-06-01,2023-06-30,2,Tuesday,False,2023,3
2023-06-28,2023,6,28,2,26,June,Jun,2023-06,2023-06-01,2023-06-30,3,Wednesday,False,2023,3
2023-06-29,2023,6,29,2,26,June,Jun,2023-06,2023-06-01,2023-06-30,4,Thursday,False,2023,3
2023-06-30,2023,6,30,2,26,June,Jun,2023-06,2023-06-01,2023-06-30,5,Friday,False,2023,3
2023-07-01,2023,7,1,3,26,July,Jul,2023-07,2023-07-01,2023-07-31,6,Saturday,True,2023,4
2023-07-02,2023,7,2,3,26,July,Jul,2023-07,2023-07-01,2023-07-31,7,Sunday,True,2023,4
2023-07-03,2023,7,3,3,27,July,Jul,2023-07,2023-07-01,2023-07-31,1,Monday,False,2023,4
2023-07-04,2023,7,4,3,27,July,Jul,2023-07,2023-07-01,2023-07-31,2,Tuesday,False,2023,4
2023-07-05,2023,7,5,3,27,July,Jul,2023-07,2023-07-01,2023-07-31,3,Wednesday,False,2023,4
2023-07-06,2023,7,6,3,27,July,Jul,2023-07,2023-07-01,2023-07-31,4,Thursday,False,2023,4
2023-07-07,2023,7,7,3,27,July,Jul,2023-07,2023-07-01,2023-07-31,5,Friday,False,2023,4
2023-07-08,2023,7,8,3,27,July,Jul,2023-07,2023-07-01,2023-07-31,6,Saturday,True,2023,4
2023-07-09,2023,7,9,3,27,July,Jul,2023-07,2023-07-01,2023-07-31,7,Sunday,True,2023,4
2023-07-10,2023,7,10,3,28,July,Jul,2023-07,2023-07-01,2023-07-31,1,Monday,False,2023,4
2023-07-11,2023,7,11,3,28,July,Jul,2023-07,2023-07-01,2023-07-31,2,Tuesday,False,2023,4
2023-07-12,2023,7,12,3,28,July,Jul,2023-07,2023-07-01,2023-07-31,3,Wednesday,False,2023,4
2023-07-13,2023,7,13,3,28,July,Jul,2023-07,2023-07-01,2023-07-31,4,Thursday,False,2023,4
2023-07-14,2023,7,14,3,28,July,Jul,2023-07,2023-07-01,2023-07-31,5,Friday,False,2023,4
2023-07-15,2023,7,15,3,28,July,Jul,2023-07,2023-07-01,2023-07-31,6,Saturday,True,2023,4
2023-07-16,2023,7,16,3,28,July,Jul,2023-07,2023-07-01,2023-07-31,7,Sunday,True,2023,4
2023-07-17,2023,7,17,3,29,July,Jul,2023-07,2023-07-01,2023-07-31,1,Monday,False,2023,4
2023-07-18,2023,7,18,3,29,July,Jul,2023-07,2023-07-01,2023-07-31,2,Tuesday,False,2023,4
2023-07-19,2023,7,19,3,29,July,Jul,2023-07,2023-07-01,2023-07-31,3,Wednesday,False,2023,4
2023-07-20,2023,7,20,3,29,July,Jul,2023-07,2023-07-01,2023-07-31,4,Thursday,False,2023,4
2023-07-21,2023,7,21,3,29,July,Jul,2023-07,2023-07-01,2023-07-31,5,Friday,False,2023,4
2023-07-22,2023,7,22,3,29,July,Jul,2023-07,2023-07-01,2023-07-31,6,Saturday,True,2023,4
2023-07-23,2023,7,23,3,29,July,Jul,2023-07,2023-07-01,2023-07-31,7,Sunday,True,2023,4
2023-07-24,2023,7,24,3,30,July,Jul,2023-07,2023-07-01,2023-07-31,1,Monday,False,2023,4
2023-07-25,2023,7,25,3,30,July,Jul,2023-07,2023-07-01,2023-07-31,2,Tuesday,False,2023,4
2023-07-26,2023,7,26,3,30,July,Jul,2023-07,2023-07-01,2023-07-31,3,Wednesday,False,2023,4
2023-07-27,2023,7,27,3,30,July,Jul,2023-07,2023-07-01,2023-07-31,4,Thursday,False,2023,4
2023-07-28,2023,7,28,3,30,July,Jul,2023-07,2023-07-01,2023-07-31,5,Friday,False,2023,4
2023-07-29,2023,7,29,3,30,July,Jul,2023-07,2023-07-01,2023-07-31,6,Saturday,True,2023,4
2023-07-30,2023,7,30,3,30,July,Jul,2023-07,2023-07-01,2023-07-31,7,Sunday,True,2023,4
2023-07-31,2023,7,31,3,31,July,Jul,2023-07,2023-07-01,2023-07-31,1,Monday,False,2023,4
2023-08-01,2023,8,1,3,31,August,Aug,2023-08,2023-08-01,2023-08-31,2,Tuesday,False,2023,5
2023-08-02,2023,8,2,3,31,August,Aug,2023-08,2023-08-01,2023-08-31,3,Wednesday,False,2023,5
2023-08-03,2023,8,3,3,31,August,Aug,2023-08,2023-08-01,2023-08-31,4,Thursday,False,2023,5
2023-08-04,2023,8,4,3,31,August,Aug,2023-08,2023-08-01,2023-08-31,5,Friday,False,2023,5
2023-08-05,2023,8,5,3,31,August,Aug,2023-08,2023-08-01,2023-08-31,6,Saturday,True,2023,5
2023-08-06,2023,8,6,3,31,August,Aug,2023-08,2023-08-01,2023-08-31,7,Sunday,True,2023,5
2023-08-07,2023,8,7,3,32,August,Aug,2023-08,2023-08-01,2023-08-31,1,Monday,False,2023,5
2023-08-08,2023,8,8,3,32,August,Aug,2023-08,2023-08-01,2023-08-31,2,Tuesday,False,2023,5
2023-08-09,2023,8,9,3,32,August,Aug,2023-08,2023-08-01,2023-08-31,3,Wednesday,False,2023,5
2023-08-10,2023,8,10,3,32,August,Aug,2023-08,2023-08-01,2023-08-31,4,Thursday,False,2023,5
2023-08-11,2023,8,11,3,32,August,Aug,2023-08,2023-08-01,2023-08-31,5,Friday,False,2023,5
2023-08-12,2023,8,12,3,32,August,Aug,2023-08,2023-08-01,2023-08-31,6,Saturday,True,2023,5
2023-08-13,2023,8,13,3,32,August,Aug,2023-08,2023-08-01,2023-08-31,7,Sunday,True,2023,5
2023-08-14,2023,8,14,3,33,August,Aug,2023-08,2023-08-01,2023-08-31,1,Monday,False,2023,5
2023-08-15,2023,8,15,3,33,August,Aug,2023-08,2023-08-01,2023-08-31,2,Tuesday,False,2023,5
2023-08-16,2023,8,16,3,33,August,Aug,2023-08,2023-08-01,2023-08-31,3,Wednesday,False,2023,5
2023-08-17,2023,8,17,3,33,August,Aug,2023-08,2023-08-01,2023-08-31,4,Thursday,False,2023,5
2023-08-18,2023,8,18,3,33,August,Aug,2023-08,2023-08-01,2023-08-31,5,Friday,False,2023,5
2023-08-19,2023,8,19,3,33,August,Aug,2023-08,2023-08-01,2023-08-31,6,Saturday,True,2023,5
2023-08-20,2023,8,20,3,33,August,Aug,2023-08,2023-08-01,2023-08-31,7,Sunday,True,2023,5
2023-08-21,2023,8,21,3,34,August,Aug,2023-08,2023-08-01,2023-08-31,1,Monday,False,2023,5
2023-08-22,2023,8,22,3,34,August,Aug,2023-08,2023-08-01,2023-08-31,2,Tuesday,False,2023,5
2023-08-23,2023,8,23,3,34,August,Aug,2023-08,2023-08-01,2023-08-31,3,Wednesday,False,2023,5
2023-08-24,2023,8,24,3,34,August,Aug,2023-08,2023-08-01,2023-08-31,4,Thursday,False,2023,5
2023-08-25,2023,8,25,3,34,August,Aug,2023-08,2023-08-01,2023-08-31,5,Friday,False,2023,5
2023-08-26,2023,8,26,3,34,August,Aug,2023-08,2023-08-01,2023-08-31,6,Saturday,True,2023,5
2023-08-27,2023,8,27,3,34,August,Aug,2023-08,2023-08-01,2023-08-31,7,Sunday,True,2023,5
2023-08-28,2023,8,28,3,35,August,Aug,2023-08,2023-08-01,2023-08-31,1,Monday,False,2023,5
2023-08-29,2023,8,29,3,35,August,Aug,2023-08,2023-08-01,2023-08-31,2,Tuesday,False,2023,5
2023-08-30,2023,8,30,3,35,August,Aug,2023-08,2023-08-01,2023-08-31,3,Wednesday,False,2023,5
2023-08-31,2023,8,31,3,35,August,Aug,2023-08,2023-08-01,2023-08-31,4,Thursday,False,2023,5
2023-09-01,2023,9,1,3,35,September,Sep,2023-09,2023-09-01,2023-09-30,5,Friday,False,2023,6
2023-09-02,2023,9,2,3,35,September,Sep,2023-09,2023-09-01,2023-09-30,6,Saturday,True,2023,6
2023-09-03,2023,9,3,3,35,September,Sep,2023-09,2023-09-01,2023-09-30,7,Sunday,True,2023,6
2023-09-04,2023,9,4,3,36,September,Sep,2023-09,2023-09-01,2023-09-30,1,Monday,False,2023,6
2023-09-05,2023,9,5,3,36,September,Sep,2023-09,2023-09-01,2023-09-30,2,Tuesday,False,2023,6
2023-09-06,2023,9,6,3,36,September,Sep,2023-09,2023-09-01,2023-09-30,3,Wednesday,False,2023,6
2023-09-07,2023,9,7,3,36,September,Sep,2023-09,2023-09-01,2023-09-30,4,Thursday,False,2023,6
2023-09-08,2023,9,8,3,36,September,Sep,2023-09,2023-09-01,2023-09-30,5,Friday,False,2023,6
2023-09-09,2023,9,9,3,36,September,Sep,2023-09,2023-09-01,2023-09-30,6,Saturday,True,2023,6
2023-09-10,2023,9,10,3,36,September,Sep,2023-09,2023-09-01,2023-09-30,7,Sunday,True,2023,6
2023-09-11,2023,9,11,3,37,September,Sep,2023-09,2023-09-01,2023-09-30,1,Monday,False,2023,6
2023-09-12,2023,9,12,3,37,September,Sep,2023-09,2023-09-01,2023-09-30,2,Tuesday,False,2023,6
2023-09-13,2023,9,13,3,37,September,Sep,2023-09,2023-09-01,2023-09-30,3,Wednesday,False,2023,6
2023-09-14,2023,9,14,3,37,September,Sep,2023-09,2023-09-01,2023-09-30,4,Thursday,False,2023,6
2023-09-15,2023,9,15,3,37,September,Sep,2023-09,2023-09-01,2023-09-30,5,Friday,False,2023,6
2023-09-16,2023,9,16,3,37,September,Sep,2023-09,2023-09-01,2023-09-30,6,Saturday,True,2023,6
2023-09-17,2023,9,17,3,37,September,Sep,2023-09,2023-09-01,2023-09-30,7,Sunday,True,2023,6
2023-09-18,2023,9,18,3,38,September,Sep,2023-09,2023-09-01,2023-09-30,1,Monday,False,2023,6
2023-09-19,2023,9,19,3,38,September,Sep,2023-09,2023-09-01,2023-09-30,2,Tuesday,False,2023,6
2023-09-20,2023,9,20,3,38,September,Sep,2023-09,2023-09-01,2023-09-30,3,Wednesday,False,2023,6
2023-09-21,2023,9,21,3,38,September,Sep,2023-09,2023-09-01,2023-09-30,4,Thursday,False,2023,6
2023-09-22,2023,9,22,3,38,September,Sep,2023-09,2023-09-01,2023-09-30,5,Friday,False,2023,6
2023-09-23,2023,9,23,3,38,September,Sep,2023-09,2023-09-01,2023-09-30,6,Saturday,True,2023,6
2023-09-24,2023,9,24,3,38,September,Sep,2023-09,2023-09-01,2023-09-30,7,Sunday,True,2023,6
2023-09-25,2023,9,25,3,39,September,Sep,2023-09,2023-09-01,2023-09-30,1,Monday,False,2023,6
2023-09-26,2023,9,26,3,39,September,Sep,2023-09,2023-09-01,2023-09-30,2,Tuesday,False,2023,6
2023-09-27,2023,9,27,3,39,September,Sep,2023-09,2023-09-01,2023-09-30,3,Wednesday,False,2023,6
2023-09-28,2023,9,28,3,39,September,Sep,2023-09,2023-09-01,2023-09-30,4,Thursday,False,2023,6
2023-09-29,2023,9,29,3,39,September,Sep,2023-09,2023-09-01,2023-09-30,5,Friday,False,2023,6
2023-09-30,2023,9,30,3,39,September,Sep,2023-09,2023-09-01,2023-09-30,6,Saturday,True,2023,6
2023-10-01,2023,10,1,4,39,October,Oct,2023-10,2023-10-01,2023-10-31,7,Sunday,True,2023,7
2023-10-02,2023,10,2,4,40,October,Oct,2023-10,2023-10-01,2023-10-31,1,Monday,False,2023,7
2023-10-03,2023,10,3,4,40,October,Oct,2023-10,2023-10-01,2023-10-31,2,Tuesday,False,2023,7
2023-10-04,2023,10,4,4,40,October,Oct,2023-10,2023-10-01,2023-10-31,3,Wednesday,False,2023,7
2023-10-05,2023,10,5,4,40,October,Oct,2023-10,2023-10-01,2023-10-31,4,Thursday,False,2023,7
2023-10-06,2023,10,6,4,40,October,Oct,2023-10,2023-10-01,2023-10-31,5,Friday,False,2023,7
2023-10-07,2023,10,7,4,40,October,Oct,2023-10,2023-10-01,2023-10-31,6,Saturday,True,2023,7
2023-10-08,2023,10,8,4,40,October,Oct,2023-10,2023-10-01,2023-10-31,7,Sunday,True,2023,7
2023-10-09,2023,10,9,4,41,October,Oct,2023-10,2023-10-01,2023-10-31,1,Monday,False,2023,7
2023-10-10,2023,10,10,4,41,October,Oct,2023-10,2023-10-01,2023-10-31,2,Tuesday,False,2023,7
2023-10-11,2023,10,11,4,41,October,Oct,2023-10,2023-10-01,2023-10-31,3,Wednesday,False,2023,7
2023-10-12,2023,10,12,4,41,October,Oct,2023-10,2023-10-01,2023-10-31,4,Thursday,False,2023,7
2023-10-13,2023,10,13,4,41,October,Oct,2023-10,2023-10-01,2023-10-31,5,Friday,False,2023,7
2023-10-14,2023,10,14,4,41,October,Oct,2023-10,2023-10-01,2023-10-31,6,Saturday,True,2023,7
2023-10-15,2023,10,15,4,41,October,Oct,2023-10,2023-10-01,2023-10-31,7,Sunday,True,2023,7
2023-10-16,2023,10,16,4,42,October,Oct,2023-10,2023-10-01,2023-10-31,1,Monday,False,2023,7
2023-10-17,2023,10,17,4,42,October,Oct,2023-10,2023-10-01,2023-10-31,2,Tuesday,False,2023,7
2023-10-18,2023,10,18,4,42,October,Oct,2023-10,2023-10-01,2023-10-31,3,Wednesday,False,2023,7
2023-10-19,2023,10,19,4,42,October,Oct,2023-10,2023-10-01,2023-10-31,4,Thursday,False,2023,7
2023-10-20,2023,10,20,4,42,October,Oct,2023-10,2023-10-01,2023-10-31,5,Friday,False,2023,7
2023-10-21,2023,10,21,4,42,October,Oct,2023-10,2023-10-01,2023-10-31,6,Saturday,True,2023,7
2023-10-22,2023,10,22,4,42,October,Oct,2023-10,2023-10-01,2023-10-31,7,Sunday,True,2023,7
2023-10-23,2023,10,23,4,43,October,Oct,2023-10,2023-10-01,2023-10-31,1,Monday,False,2023,7
2023-10-24,2023,10,24,4,43,October,Oct,2023-10,2023-10-01,2023-10-31,2,Tuesday,False,2023,7
2023-10-25,2023,10,25,4,43,October,Oct,2023-10,2023-10-01,2023-10-31,3,Wednesday,False,2023,7
2023-10-26,2023,10,26,4,43,October,Oct,2023-10,2023-10-01,2023-10-31,4,Thursday,False,2023,7
2023-10-27,2023,10,27,4,43,October,Oct,2023-10,2023-10-01,2023-10-31,5,Friday,False,2023,7
2023-10-28,2023,10,28,4,43,October,Oct,2023-10,2023-10-01,2023-10-31,6,Saturday,True,2023,7
2023-10-29,2023,10,29,4,43,October,Oct,2023-10,2023-10-01,2023-10-31,7,Sunday,True,2023,7
2023-10-30,2023,10,30,4,44,October,Oct,2023-10,2023-10-01,2023-10-31,1,Monday,False,2023,7
2023-10-31,2023,10,31,4,44,October,Oct,2023-10,2023-10-01,2023-10-31,2,Tuesday,False,2023,7
2023-11-01,2023,11,1,4,44,November,Nov,2023-11,2023-11-01,2023-11-30,3,Wednesday,False,2023,8
2023-11-02,2023,11,2,4,44,November,Nov,2023-11,2023-11-01,2023-11-30,4,Thursday,False,2023,8
2023-11-03,2023,11,3,4,44,November,Nov,2023-11,2023-11-01,2023-11-30,5,Friday,False,2023,8
2023-11-04,2023,11,4,4,44,November,Nov,2023-11,2023-11-01,2023-11-30,6,Saturday,True,2023,8
2023-11-05,2023,11,5,4,44,November,Nov,2023-11,2023-11-01,2023-11-30,7,Sunday,True,2023,8
2023-11-06,2023,11,6,4,45,November,Nov,2023-11,2023-11-01,2023-11-30,1,Monday,False,2023,8
2023-11-07,2023,11,7,4,45,November,Nov,2023-11,2023-11-01,2023-11-30,2,Tuesday,False,2023,8
2023-11-08,2023,11,8,4,45,November,Nov,2023-11,2023-11-01,2023-11-30,3,Wednesday,False,2023,8
2023-11-09,2023,11,9,4,45,November,Nov,2023-11,2023-11-01,2023-11-30,4,Thursday,False,2023,8
2023-11-10,2023,11,10,4,45,November,Nov,2023-11,2023-11-01,2023-11-30,5,Friday,False,2023,8
2023-11-11,2023,11,11,4,45,November,Nov,2023-11,2023-11-01,2023-11-30,6,Saturday,True,2023,8
2023-11-12,2023,11,12,4,45,November,Nov,2023-11,2023-11-01,2023-11-30,7,Sunday,True,2023,8
2023-11-13,2023,11,13,4,46,November,Nov,2023-11,2023-11-01,2023-11-30,1,Monday,False,2023,8
2023-11-14,2023,11,14,4,46,November,Nov,2023-11,2023-11-01,2023-11-30,2,Tuesday,False,2023,8
2023-11-15,2023,11,15,4,46,November,Nov,2023-11,2023-11-01,2023-11-30,3,Wednesday,False,2023,8
2023-11-16,2023,11,16,4,46,November,Nov,2023-11,2023-11-01,2023-11-30,4,Thursday,False,2023,8
2023-11-17,2023,11,17,4,46,November,Nov,2023-11,2023-11-01,2023-11-30,5,Friday,False,2023,8
2023-11-18,2023,11,18,4,46,November,Nov,2023-11,2023-11-01,2023-11-30,6,Saturday,True,2023,8
2023-11-19,2023,11,19,4,46,November,Nov,2023-11,2023-11-01,2023-11-30,7,Sunday,True,2023,8
2023-11-20,2023,11,20,4,47,November,Nov,2023-11,2023-11-01,2023-11-30,1,Monday,False,2023,8
2023-11-21,2023,11,21,4,47,November,Nov,2023-11,2023-11-01,2023-11-30,2,Tuesday,False,2023,8
2023-11-22,2023,11,22,4,47,November,Nov,2023-11,2023-11-01,2023-11-30,3,Wednesday,False,2023,8
2023-11-23,2023,11,23,4,47,November,Nov,2023-11,2023-11-01,2023-11-30,4,Thursday,False,2023,8
2023-11-24,2023,11,24,4,47,November,Nov,2023-11,2023-11-01,2023-11-30,5,Friday,False,2023,8
2023-11-25,2023,11,25,4,47,November,Nov,2023-11,2023-11-01,2023-11-30,6,Saturday,True,2023,8
2023-11-26,2023,11,26,4,47,November,Nov,2023-11,2023-11-01,2023-11-30,7,Sunday,True,2023,8
2023-11-27,2023,11,27,4,48,November,Nov,2023-11,2023-11-01,2023-11-30,1,Monday,False,2023,8
2023-11-28,2023,11,28,4,48,November,Nov,2023-11,2023-11-01,2023-11-30,2,Tuesday,False,2023,8
2023-11-29,2023,11,29,4,48,November,Nov,2023-11,2023-11-01,2023-11-30,3,Wednesday,False,2023,8
2023-11-30,2023,11,30,4,48,November,Nov,2023-11,2023-11-01,2023-11-30,4,Thursday,False,2023,8
2023-12-01,2023,12,1,4,48,December,Dec,2023-12,2023-12-01,2023-12-31,5,Friday,False,2023,9
2023-12-02,2023,12,2,4,48,December,Dec,2023-12,2023-12-01,2023-12-31,6,Saturday,True,2023,9
2023-12-03,2023,12,3,4,48,December,Dec,2023-12,2023-12-01,2023-12-31,7,Sunday,True,2023,9
2023-12-04,2023,12,4,4,49,December,Dec,2023-12,2023-12-01,2023-12-31,1,Monday,False,2023,9
2023-12-05,2023,12,5,4,49,December,Dec,2023-12,2023-12-01,2023-12-31,2,Tuesday,False,2023,9
2023-12-06,2023,12,6,4,49,December,Dec,2023-12,2023-12-01,2023-12-31,3,Wednesday,False,2023,9
2023-12-07,2023,12,7,4,49,December,Dec,2023-12,2023-12-01,2023-12-31,4,Thursday,False,2023,9
2023-12-08,2023,12,8,4,49,December,Dec,2023-12,2023-12-01,2023-12-31,5,Friday,False,2023,9
2023-12-09,2023,12,9,4,49,December,Dec,2023-12,2023-12-01,2023-12-31,6,Saturday,True,2023,9
2023-12-10,2023,12,10,4,49,December,Dec,2023-12,2023-12-01,2023-12-31,7,Sunday,True,2023,9
2023-12-11,2023,12,11,4,50,December,Dec,2023-12,2023-12-01,2023-12-31,1,Monday,False,2023,9
2023-12-12,2023,12,12,4,50,December,Dec,2023-12,2023-12-01,2023-12-31,2,Tuesday,False,2023,9
2023-12-13,2023,12,13,4,50,December,Dec,2023-12,2023-12-01,2023-12-31,3,Wednesday,False,2023,9
2023-12-14,2023,12,14,4,50,December,Dec,2023-12,2023-12-01,2023-12-31,4,Thursday,False,2023,9
2023-12-15,2023,12,15,4,50,December,Dec,2023-12,2023-12-01,2023-12-31,5,Friday,False,2023,9
2023-12-16,2023,12,16,4,50,December,Dec,2023-12,2023-12-01,2023-12-31,6,Saturday,True,2023,9
2023-12-17,2023,12,17,4,50,December,Dec,2023-12,2023-12-01,2023-12-31,7,Sunday,True,2023,9
2023-12-18,2023,12,18,4,51,December,Dec,2023-12,2023-12-01,2023-12-31,1,Monday,False,2023,9
2023-12-19,2023,12,19,4,51,December,Dec,2023-12,2023-12-01,2023-12-31,2,Tuesday,False,2023,9
2023-12-20,2023,12,20,4,51,December,Dec,2023-12,2023-12-01,2023-12-31,3,Wednesday,False,2023,9
2023-12-21,2023,12,21,4,51,December,Dec,2023-12,2023-12-01,2023-12-31,4,Thursday,False,2023,9
2023-12-22,2023,12,22,4,51,December,Dec,2023-12,2023-12-01,2023-12-31,5,Friday,False,2023,9
2023-12-23,2023,12,23,4,51,December,Dec,2023-12,2023-12-01,2023-12-31,6,Saturday,True,2023,9
2023-12-24,2023,12,24,4,51,December,Dec,2023-12,2023-12-01,2023-12-31,7,Sunday,True,2023,9
2023-12-25,2023,12,25,4,52,December,Dec,2023-12,2023-12-01,2023-12-31,1,Monday,False,2023,9
2023-12-26,2023,12,26,4,52,December,Dec,2023-12,2023-12-01,2023-12-31,2,Tuesday,False,2023,9
2023-12-27,2023,12,27,4,52,December,Dec,2023-12,2023-12-01,2023-12-31,3,Wednesday,False,2023,9
2023-12-28,2023,12,28,4,52,December,Dec,2023-12,2023-12-01,2023-12-31,4,Thursday,False,2023,9
2023-12-29,2023,12,29,4,52,December,Dec,2023-12,2023-12-01,2023-12-31,5,Friday,False,2023,9
2023-12-30,2023,12,30,4,52,December,Dec,2023-12,2023-12-01,2023-12-31,6,Saturday,True,2023,9
2023-12-31,2023,12,31,4,52,December,Dec,2023-12,2023-12-01,2023-12-31,7,Sunday,True,2023,9
2024-01-01,2024,1,1,1,1,January,Jan,2024-01,2024-01-01,2024-01-31,1,Monday,False,2023,10
2024-01-02,2024,1,2,1,1,January,Jan,2024-01,2024-01-01,2024-01-31,2,Tuesday,False,2023,10
2024-01-03,2024,1,3,1,1,January,Jan,2024-01,2024-01-01,2024-01-31,3,Wednesday,False,2023,10
2024-01-04,2024,1,4,1,1,January,Jan,2024-01,2024-01-01,2024-01-31,4,Thursday,False,2023,10
2024-01-05,2024,1,5,1,1,January,Jan,2024-01,2024-01-01,2024-01-31,5,Friday,False,2023,10
2024-01-06,2024,1,6,1,1,January,Jan,2024-01,2024-01-01,2024-01-31,6,Saturday,True,2023,10
2024-01-07,2024,1,7,1,1,January,Jan,2024-01,2024-01-01,2024-01-31,7,Sunday,True,2023,10
2024-01-08,2024,1,8,1,2,January,Jan,2024-01,2024-01-01,2024-01-31,1,Monday,False,2023,10
2024-01-09,2024,1,9,1,2,January,Jan,2024-01,2024-01-01,2024-01-31,2,Tuesday,False,2023,10
2024-01-10,2024,1,10,1,2,January,Jan,2024-01,2024-01-01,2024-01-31,3,Wednesday,False,2023,10
2024-01-11,2024,1,11,1,2,January,Jan,2024-01,2024-01-01,2024-01-31,4,Thursday,False,2023,10
2024-01-12,2024,1,12,1,2,January,Jan,2024-01,2024-01-01,2024-01-31,5,Friday,False,2023,10
2024-01-13,2024,1,13,1,2,January,Jan,2024-01,2024-01-01,2024-01-31,6,Saturday,True,2023,10
2024-01-14,2024,1,14,1,2,January,Jan,2024-01,2024-01-01,2024-01-31,7,Sunday,True,2023,10
2024-01-15,2024,1,15,1,3,January,Jan,2024-01,2024-01-01,2024-01-31,1,Monday,False,2023,10
2024-01-16,2024,1,16,1,3,January,Jan,2024-01,2024-01-01,2024-01-31,2,Tuesday,False,2023,10
2024-01-17,2024,1,17,1,3,January,Jan,2024-01,2024-01-01,2024-01-31,3,Wednesday,False,2023,10
2024-01-18,2024,1,18,1,3,January,Jan,2024-01,2024-01-01,2024-01-31,4,Thursday,False,2023,10
2024-01-19,2024,1,19,1,3,January,Jan,2024-01,2024-01-01,2024-01-31,5,Friday,False,2023,10
2024-01-20,2024,1,20,1,3,January,Jan,2024-01,2024-01-01,2024-01-31,6,Saturday,True,2023,10
2024-01-21,2024,1,21,1,3,January,Jan,2024-01,2024-01-01,2024-01-31,7,Sunday,True,2023,10
2024-01-22,2024,1,22,1,4,January,Jan,2024-01,2024-01-01,2024-01-31,1,Monday,False,2023,10
2024-01-23,2024,1,23,1,4,January,Jan,2024-01,2024-01-01,2024-01-31,2,Tuesday,False,2023,10
2024-01-24,2024,1,24,1,4,January,Jan,2024-01,2024-01-01,2024-01-31,3,Wednesday,False,2023,10
2024-01-25,2024,1,25,1,4,January,Jan,2024-01,2024-01-01,2024-01-31,4,Thursday,False,2023,10
2024-01-26,2024,1,26,1,4,January,Jan,2024-01,2024-01-01,2024-01-31,5,Friday,False,2023,10
2024-01-27,2024,1,27,1,4,January,Jan,2024-01,2024-01-01,2024-01-31,6,Saturday,True,2023,10
2024-01-28,2024,1,28,1,4,January,Jan,2024-01,2024-01-01,2024-01-31,7,Sunday,True,2023,10
2024-01-29,2024,1,29,1,5,January,Jan,2024-01,2024-01-01,2024-01-31,1,Monday,False,2023,10
2024-01-30,2024,1,30,1,5,January,Jan,2024-01,2024-01-01,2024-01-31,2,Tuesday,False,2023,10
2024-01-31,2024,1,31,1,5,January,Jan,2024-01,2024-01-01,2024-01-31,3,Wednesday,False,2023,10
2024-02-01,2024,2,1,1,5,February,Feb,2024-02,2024-02-01,2024-02-29,4,Thursday,False,2023,11
2024-02-02,2024,2,2,1,5,February,Feb,2024-02,2024-02-01,2024-02-29,5,Friday,False,2023,11
2024-02-03,2024,2,3,1,5,February,Feb,2024-02,2024-02-01,2024-02-29,6,Saturday,True,2023,11
2024-02-04,2024,2,4,1,5,February,Feb,2024-02,2024-02-01,2024-02-29,7,Sunday,True,2023,11
2024-02-05,2024,2,5,1,6,February,Feb,2024-02,2024-02-01,2024-02-29,1,Monday,False,2023,11
2024-02-06,2024,2,6,1,6,February,Feb,2024-02,2024-02-01,2024-02-29,2,Tuesday,False,2023,11
2024-02-07,2024,2,7,1,6,February,Feb,2024-02,2024-02-01,2024-02-29,3,Wednesday,False,2023,11
2024-02-08,2024,2,8,1,6,February,Feb,2024-02,2024-02-01,2024-02-29,4,Thursday,False,2023,11
2024-02-09,2024,2,9,1,6,February,Feb,2024-02,2024-02-01,2024-02-29,5,Friday,False,2023,11
2024-02-10,2024,2,10,1,6,February,Feb,2024-02,2024-02-01,2024-02-29,6,Saturday,True,2023,11
2024-02-11,2024,2,11,1,6,February,Feb,2024-02,2024-02-01,2024-02-29,7,Sunday,True,2023,11
2024-02-12,2024,2,12,1,7,February,Feb,2024-02,2024-02-01,2024-02-29,1,Monday,False,2023,11
2024-02-13,2024,2,13,1,7,February,Feb,2024-02,2024-02-01,2024-02-29,2,Tuesday,False,2023,11
2024-02-14,2024,2,14,1,7,February,Feb,2024-02,2024-02-01,2024-02-29,3,Wednesday,False,2023,11
2024-02-15,2024,2,15,1,7,February,Feb,2024-02,2024-02-01,2024-02-29,4,Thursday,False,2023,11
2024-02-16,2024,2,16,1,7,February,Feb,2024-02,2024-02-01,2024-02-29,5,Friday,False,2023,11
2024-02-17,2024,2,17,1,7,February,Feb,2024-02,2024-02-01,2024-02-29,6,Saturday,True,2023,11
2024-02-18,2024,2,18,1,7,February,Feb,2024-02,2024-02-01,2024-02-29,7,Sunday,True,2023,11
2024-02-19,2024,2,19,1,8,February,Feb,2024-02,2024-02-01,2024-02-29,1,Monday,False,2023,11
2024-02-20,2024,2,20,1,8,February,Feb,2024-02,2024-02-01,2024-02-29,2,Tuesday,False,2023,11
2024-02-21,2024,2,21,1,8,February,Feb,2024-02,2024-02-01,2024-02-29,3,Wednesday,False,2023,11
2024-02-22,2024,2,22,1,8,February,Feb,2024-02,2024-02-01,2024-02-29,4,Thursday,False,2023,11
2024-02-23,2024,2,23,1,8,February,Feb,2024-02,2024-02-01,2024-02-29,5,Friday,False,2023,11
2024-02-24,2024,2,24,1,8,February,Feb,2024-02,2024-02-01,2024-02-29,6,Saturday,True,2023,11
2024-02-25,2024,2,25,1,8,February,Feb,2024-02,2024-02-01,2024-02-29,7,Sunday,True,2023,11
2024-02-26,2024,2,26,1,9,February,Feb,2024-02,2024-02-01,2024-02-29,1,Monday,False,2023,11
2024-02-27,2024,2,27,1,9,February,Feb,2024-02,2024-02-01,2024-02-29,2,Tuesday,False,2023,11
2024-02-28,2024,2,28,1,9,February,Feb,2024-02,2024-02-01,2024-02-29,3,Wednesday,False,2023,11
2024-02-29,2024,2,29,1,9,February,Feb,2024-02,2024-02-01,2024-02-29,4,Thursday,False,2023,11
2024-03-01,2024,3,1,1,9,March,Mar,2024-03,2024-03-01,2024-03-31,5,Friday,False,2023,12
2024-03-02,2024,3,2,1,9,March,Mar,2024-03,2024-03-01,2024-03-31,6,Saturday,True,2023,12
2024-03-03,2024,3,3,1,9,March,Mar,2024-03,2024-03-01,2024-03-31,7,Sunday,True,2023,12
2024-03-04,2024,3,4,1,10,March,Mar,2024-03,2024-03-01,2024-03-31,1,Monday,False,2023,12
2024-03-05,2024,3,5,1,10,March,Mar,2024-03,2024-03-01,2024-03-31,2,Tuesday,False,2023,12
2024-03-06,2024,3,6,1,10,March,Mar,2024-03,2024-03-01,2024-03-31,3,Wednesday,False,2023,12
2024-03-07,2024,3,7,1,10,March,Mar,2024-03,2024-03-01,2024-03-31,4,Thursday,False,2023,12
2024-03-08,2024,3,8,1,10,March,Mar,2024-03,2024-03-01,2024-03-31,5,Friday,False,2023,12
2024-03-09,2024,3,9,1,10,March,Mar,2024-03,2024-03-01,2024-03-31,6,Saturday,True,2023,12
2024-03-10,2024,3,10,1,10,March,Mar,2024-03,2024-03-01,2024-03-31,7,Sunday,True,2023,12
2024-03-11,2024,3,11,1,11,March,Mar,2024-03,2024-03-01,2024-03-31,1,Monday,False,2023,12
2024-03-12,2024,3,12,1,11,March,Mar,2024-03,2024-03-01,2024-03-31,2,Tuesday,False,2023,12
2024-03-13,2024,3,13,1,11,March,Mar,2024-03,2024-03-01,2024-03-31,3,Wednesday,False,2023,12
2024-03-14,2024,3,14,1,11,March,Mar,2024-03,2024-03-01,2024-03-31,4,Thursday,False,2023,12
2024-03-15,2024,3,15,1,11,March,Mar,2024-03,2024-03-01,2024-03-31,5,Friday,False,2023,12
2024-03-16,2024,3,16,1,11,March,Mar,2024-03,2024-03-01,2024-03-31,6,Saturday,True,2023,12
2024-03-17,2024,3,17,1,11,March,Mar,2024-03,2024-03-01,2024-03-31,7,Sunday,True,2023,12
2024-03-18,2024,3,18,1,12,March,Mar,2024-03,2024-03-01,2024-03-31,1,Monday,False,2023,12
2024-03-19,2024,3,19,1,12,March,Mar,2024-03,2024-03-01,2024-03-31,2,Tuesday,False,2023,12
2024-03-20,2024,3,20,1,12,March,Mar,2024-03,2024-03-01,2024-03-31,3,Wednesday,False,2023,12
2024-03-21,2024,3,21,1,12,March,Mar,2024-03,2024-03-01,2024-03-31,4,Thursday,False,2023,12
2024-03-22,2024,3,22,1,12,March,Mar,2024-03,2024-03-01,2024-03-31,5,Friday,False,2023,12
2024-03-23,2024,3,23,1,12,March,Mar,2024-03,2024-03-01,2024-03-31,6,Saturday,True,2023,12
2024-03-24,2024,3,24,1,12,March,Mar,2024-03,2024-03-01,2024-03-31,7,Sunday,True,2023,12
2024-03-25,2024,3,25,1,13,March,Mar,2024-03,2024-03-01,2024-03-31,1,Monday,False,2023,12
2024-03-26,2024,3,26,1,13,March,Mar,2024-03,2024-03-01,2024-03-31,2,Tuesday,False,2023,12
2024-03-27,2024,3,27,1,13,March,Mar,2024-03,2024-03-01,2024-03-31,3,Wednesday,False,2023,12
2024-03-28,2024,3,28,1,13,March,Mar,2024-03,2024-03-01,2024-03-31,4,Thursday,False,2023,12
2024-03-29,2024,3,29,1,13,March,Mar,2024-03,2024-03-01,2024-03-31,5,Friday,False,2023,12
2024-03-30,2024,3,30,1,13,March,Mar,2024-03,2024-03-01,2024-03-31,6,Saturday,True,2023,12
2024-03-31,2024,3,31,1,13,March,Mar,2024-03,2024-03-01,2024-03-31,7,Sunday,True,2023,12
2024-04-01,2024,4,1,2,14,April,Apr,2024-04,2024-04-01,2024-04-30,1,Monday,False,2024,1
2024-04-02,2024,4,2,2,14,April,Apr,2024-04,2024-04-01,2024-04-30,2,Tuesday,False,2024,1
2024-04-03,2024,4,3,2,14,April,Apr,2024-04,2024-04-01,2024-04-30,3,Wednesday,False,2024,1
2024-04-04,2024,4,4,2,14,April,Apr,2024-04,2024-04-01,2024-04-30,4,Thursday,False,2024,1
2024-04-05,2024,4,5,2,14,April,Apr,2024-04,2024-04-01,2024-04-30,5,Friday,False,2024,1
2024-04-06,2024,4,6,2,14,April,Apr,2024-04,2024-04-01,2024-04-30,6,Saturday,True,2024,1
2024-04-07,2024,4,7,2,14,April,Apr,2024-04,2024-04-01,2024-04-30,7,Sunday,True,2024,1
2024-04-08,2024,4,8,2,15,April,Apr,2024-04,2024-04-01,2024-04-30,1,Monday,False,2024,1
2024-04-09,2024,4,9,2,15,April,Apr,2024-04,2024-04-01,2024-04-30,2,Tuesday,False,2024,1
2024-04-10,2024,4,10,2,15,April,Apr,2024-04,2024-04-01,2024-04-30,3,Wednesday,False,2024,1
2024-04-11,2024,4,11,2,15,April,Apr,2024-04,2024-04-01,2024-04-30,4,Thursday,False,2024,1
2024-04-12,2024,4,12,2,15,April,Apr,2024-04,2024-04-01,2024-04-30,5,Friday,False,2024,1
2024-04-13,2024,4,13,2,15,April,Apr,2024-04,2024-04-01,2024-04-30,6,Saturday,True,2024,1
2024-04-14,2024,4,14,2,15,April,Apr,2024-04,2024-04-01,2024-04-30,7,Sunday,True,2024,1
2024-04-15,2024,4,15,2,16,April,Apr,2024-04,2024-04-01,2024-04-30,1,Monday,False,2024,1
2024-04-16,2024,4,16,2,16,April,Apr,2024-04,2024-04-01,2024-04-30,2,Tuesday,False,2024,1
2024-04-17,2024,4,17,2,16,April,Apr,2024-04,2024-04-01,2024-04-30,3,Wednesday,False,2024,1
2024-04-18,2024,4,18,2,16,April,Apr,2024-04,2024-04-01,2024-04-30,4,Thursday,False,2024,1
2024-04-19,2024,4,19,2,16,April,Apr,2024-04,2024-04-01,2024-04-30,5,Friday,False,2024,1
2024-04-20,2024,4,20,2,16,April,Apr,2024-04,2024-04-01,2024-04-30,6,Saturday,True,2024,1
2024-04-21,2024,4,21,2,16,April,Apr,2024-04,2024-04-01,2024-04-30,7,Sunday,True,2024,1
2024-04-22,2024,4,22,2,17,April,Apr,2024-04,2024-04-01,2024-04-30,1,Monday,False,2024,1
2024-04-23,2024,4,23,2,17,April,Apr,2024-04,2024-04-01,2024-04-30,2,Tuesday,False,2024,1
2024-04-24,2024,4,24,2,17,April,Apr,2024-04,2024-04-01,2024-04-30,3,Wednesday,False,2024,1
2024-04-25,2024,4,25,2,17,April,Apr,2024-04,2024-04-01,2024-04-30,4,Thursday,False,2024,1
2024-04-26,2024,4,26,2,17,April,Apr,2024-04,2024-04-01,2024-04-30,5,Friday,False,2024,1
2024-04-27,2024,4,27,2,17,April,Apr,2024-04,2024-04-01,2024-04-30,6,Saturday,True,2024,1
2024-04-28,2024,4,28,2,17,April,Apr,2024-04,2024-04-01,2024-04-30,7,Sunday,True,2024,1
2024-04-29,2024,4,29,2,18,April,Apr,2024-04,2024-04-01,2024-04-30,1,Monday,False,2024,1
2024-04-30,2024,4,30,2,18,April,Apr,2024-04,2024-04-01,2024-04-30,2,Tuesday,False,2024,1
2024-05-01,2024,5,1,2,18,May,May,2024-05,2024-05-01,2024-05-31,3,Wednesday,False,2024,2
2024-05-02,2024,5,2,2,18,May,May,2024-05,2024-05-01,2024-05-31,4,Thursday,False,2024,2
2024-05-03,2024,5,3,2,18,May,May,2024-05,2024-05-01,2024-05-31,5,Friday,False,2024,2
2024-05-04,2024,5,4,2,18,May,May,2024-05,2024-05-01,2024-05-31,6,Saturday,True,2024,2
2024-05-05,2024,5,5,2,18,May,May,2024-05,2024-05-01,2024-05-31,7,Sunday,True,2024,2
2024-05-06,2024,5,6,2,19,May,May,2024-05,2024-05-01,2024-05-31,1,Monday,False,2024,2
2024-05-07,2024,5,7,2,19,May,May,2024-05,2024-05-01,2024-05-31,2,Tuesday,False,2024,2
2024-05-08,2024,5,8,2,19,May,May,2024-05,2024-05-01,2024-05-31,3,Wednesday,False,2024,2
2024-05-09,2024,5,9,2,19,May,May,2024-05,2024-05-01,2024-05-31,4,Thursday,False,2024,2
2024-05-10,2024,5,10,2,19,May,May,2024-05,2024-05-01,2024-05-31,5,Friday,False,2024,2
2024-05-11,2024,5,11,2,19,May,May,2024-05,2024-05-01,2024-05-31,6,Saturday,True,2024,2
2024-05-12,2024,5,12,2,19,May,May,2024-05,2024-05-01,2024-05-31,7,Sunday,True,2024,2
2024-05-13,2024,5,13,2,20,May,May,2024-05,2024-05-01,2024-05-31,1,Monday,False,2024,2
2024-05-14,2024,5,14,2,20,May,May,2024-05,2024-05-01,2024-05-31,2,Tuesday,False,2024,2
2024-05-15,2024,5,15,2,20,May,May,2024-05,2024-05-01,2024-05-31,3,Wednesday,False,2024,2
2024-05-16,2024,5,16,2,20,May,May,2024-05,2024-05-01,2024-05-31,4,Thursday,False,2024,2
2024-05-17,2024,5,17,2,20,May,May,2024-05,2024-05-01,2024-05-31,5,Friday,False,2024,2
2024-05-18,2024,5,18,2,20,May,May,2024-05,2024-05-01,2024-05-31,6,Saturday,True,2024,2
2024-05-19,2024,5,19,2,20,May,May,2024-05,2024-05-01,2024-05-31,7,Sunday,True,2024,2
2024-05-20,2024,5,20,2,21,May,May,2024-05,2024-05-01,2024-05-31,1,Monday,False,2024,2
2024-05-21,2024,5,21,2,21,May,May,2024-05,2024-05-01,2024-05-31,2,Tuesday,False,2024,2
2024-05-22,2024,5,22,2,21,May,May,2024-05,2024-05-01,2024-05-31,3,Wednesday,False,2024,2
2024-05-23,2024,5,23,2,21,May,May,2024-05,2024-05-01,2024-05-31,4,Thursday,False,2024,2
2024-05-24,2024,5,24,2,21,May,May,2024-05,2024-05-01,2024-05-31,5,Friday,False,2024,2
2024-05-25,2024,5,25,2,21,May,May,2024-05,2024-05-01,2024-05-31,6,Saturday,True,2024,2
2024-05-26,2024,5,26,2,21,May,May,2024-05,2024-05-01,2024-05-31,7,Sunday,True,2024,2
2024-05-27,2024,5,27,2,22,May,May,2024-05,2024-05-01,2024-05-31,1,Monday,False,2024,2
2024-05-28,2024,5,28,2,22,May,May,2024-05,2024-05-01,2024-05-31,2,Tuesday,False,2024,2
2024-05-29,2024,5,29,2,22,May,May,2024-05,2024-05-01,2024-05-31,3,Wednesday,False,2024,2
2024-05-30,2024,5,30,2,22,May,May,2024-05,2024-05-01,2024-05-31,4,Thursday,False,2024,2
2024-05-31,2024,5,31,2,22,May,May,2024-05,2024-05-01,2024-05-31,5,Friday,False,2024,2
2024-06-01,2024,6,1,2,22,June,Jun,2024-06,2024-06-01,2024-06-30,6,Saturday,True,2024,3
2024-06-02,2024,6,2,2,22,June,Jun,2024-06,2024-06-01,2024-06-30,7,Sunday,True,2024,3
2024-06-03,2024,6,3,2,23,June,Jun,2024-06,2024-06-01,2024-06-30,1,Monday,False,2024,3
2024-06-04,2024,6,4,2,23,June,Jun,2024-06,2024-06-01,2024-06-30,2,Tuesday,False,2024,3
2024-06-05,2024,6,5,2,23,June,Jun,2024-06,2024-06-01,2024-06-30,3,Wednesday,False,2024,3
2024-06-06,2024,6,6,2,23,June,Jun,2024-06,2024-06-01,2024-06-30,4,Thursday,False,2024,3
2024-06-07,2024,6,7,2,23,June,Jun,2024-06,2024-06-01,2024-06-30,5,Friday,False,2024,3
2024-06-08,2024,6,8,2,23,June,Jun,2024-06,2024-06-01,2024-06-30,6,Saturday,True,2024,3
2024-06-09,2024,6,9,2,23,June,Jun,2024-06,2024-06-01,2024-06-30,7,Sunday,True,2024,3
2024-06-10,2024,6,10,2,24,June,Jun,2024-06,2024-06-01,2024-06-30,1,Monday,False,2024,3
2024-06-11,2024,6,11,2,24,June,Jun,2024-06,2024-06-01,2024-06-30,2,Tuesday,False,2024,3
2024-06-12,2024,6,12,2,24,June,Jun,2024-06,2024-06-01,2024-06-30,3,Wednesday,False,2024,3
2024-06-13,2024,6,13,2,24,June,Jun,2024-06,2024-06-01,2024-06-30,4,Thursday,False,2024,3
2024-06-14,2024,6,14,2,24,June,Jun,2024-06,2024-06-01,2024-06-30,5,Friday,False,2024,3
2024-06-15,2024,6,15,2,24,June,Jun,2024-06,2024-06-01,2024-06-30,6,Saturday,True,2024,3
2024-06-16,2024,6,16,2,24,June,Jun,2024-06,2024-06-01,2024-06-30,7,Sunday,True,2024,3
2024-06-17,2024,6,17,2,25,June,Jun,2024-06,2024-06-01,2024-06-30,1,Monday,False,2024,3
2024-06-18,2024,6,18,2,25,June,Jun,2024-06,2024-06-01,2024-06-30,2,Tuesday,False,2024,3
2024-06-19,2024,6,19,2,25,June,Jun,2024-06,2024-06-01,2024-06-30,3,Wednesday,False,2024,3
2024-06-20,2024,6,20,2,25,June,Jun,2024-06,2024-06-01,2024-06-30,4,Thursday,False,2024,3
2024-06-21,2024,6,21,2,25,June,Jun,2024-06,2024-06-01,2024-06-30,5,Friday,False,2024,3
2024-06-22,2024,6,22,2,25,June,Jun,2024-06,2024-06-01,2024-06-30,6,Saturday,True,2024,3
2024-06-23,2024,6,23,2,25,June,Jun,2024-06,2024-06-01,2024-06-30,7,Sunday,True,2024,3
2024-06-24,2024,6,24,2,26,June,Jun,2024-06,2024-06-01,2024-06-30,1,Monday,False,2024,3
2024-06-25,2024,6,25,2,26,June,Jun,2024-06,2024-06-01,2024-06-30,2,Tuesday,False,2024,3
2024-06-26,2024,6,26,2,26,June,Jun,2024-06,2024-06-01,2024-06-30,3,Wednesday,False,2024,3
2024-06-27,2024,6,27,2,26,June,Jun,2024-06,2024-06-01,2024-06-30,4,Thursday,False,2024,3
2024-06-28,2024,6,28,2,26,June,Jun,2024-06,2024-06-01,2024-06-30,5,Friday,False,2024,3
2024-06-29,2024,6,29,2,26,June,Jun,2024-06,2024-06-01,2024-06-30,6,Saturday,True,2024,3
2024-06-30,2024,6,30,2,26,June,Jun,2024-06,2024-06-01,2024-06-30,7,Sunday,True,2024,3
2024-07-01,2024,7,1,3,27,July,Jul,2024-07,2024-07-01,2024-07-31,1,Monday,False,2024,4
2024-07-02,2024,7,2,3,27,July,Jul,2024-07,2024-07-01,2024-07-31,2,Tuesday,False,2024,4
2024-07-03,2024,7,3,3,27,July,Jul,2024-07,2024-07-01,2024-07-31,3,Wednesday,False,2024,4
2024-07-04,2024,7,4,3,27,July,Jul,2024-07,2024-07-01,2024-07-31,4,Thursday,False,2024,4
2024-07-05,2024,7,5,3,27,July,Jul,2024-07,2024-07-01,2024-07-31,5,Friday,False,2024,4
2024-07-06,2024,7,6,3,27,July,Jul,2024-07,2024-07-01,2024-07-31,6,Saturday,True,2024,4
2024-07-07,2024,7,7,3,27,July,Jul,2024-07,2024-07-01,2024-07-31,7,Sunday,True,2024,4
2024-07-08,2024,7,8,3,28,July,Jul,2024-07,2024-07-01,2024-07-31,1,Monday,False,2024,4
2024-07-09,2024,7,9,3,28,July,Jul,2024-07,2024-07-01,2024-07-31,2,Tuesday,False,2024,4
2024-07-10,2024,7,10,3,28,July,Jul,2024-07,2024-07-01,2024-07-31,3,Wednesday,False,2024,4
2024-07-11,2024,7,11,3,28,July,Jul,2024-07,2024-07-01,2024-07-31,4,Thursday,False,2024,4
2024-07-12,2024,7,12,3,28,July,Jul,2024-07,2024-07-01,2024-07-31,5,Friday,False,2024,4
2024-07-13,2024,7,13,3,28,July,Jul,2024-07,2024-07-01,2024-07-31,6,Saturday,True,2024,4
2024-07-14,2024,7,14,3,28,July,Jul,2024-07,2024-07-01,2024-07-31,7,Sunday,True,2024,4
2024-07-15,2024,7,15,3,29,July,Jul,2024-07,2024-07-01,2024-07-31,1,Monday,False,2024,4
2024-07-16,2024,7,16,3,29,July,Jul,2024-07,2024-07-01,2024-07-31,2,Tuesday,False,2024,4
2024-07-17,2024,7,17,3,29,July,Jul,2024-07,2024-07-01,2024-07-31,3,Wednesday,False,2024,4
2024-07-18,2024,7,18,3,29,July,Jul,2024-07,2024-07-01,2024-07-31,4,Thursday,False,2024,4
2024-07-19,2024,7,19,3,29,July,Jul,2024-07,2024-07-01,2024-07-31,5,Friday,False,2024,4
2024-07-20,2024,7,20,3,29,July,Jul,2024-07,2024-07-01,2024-07-31,6,Saturday,True,2024,4
2024-07-21,2024,7,21,3,29,July,Jul,2024-07,2024-07-01,2024-07-31,7,Sunday,True,2024,4
2024-07-22,2024,7,22,3,30,July,Jul,2024-07,2024-07-01,2024-07-31,1,Monday,False,2024,4
2024-07-23,2024,7,23,3,30,July,Jul,2024-07,2024-07-01,2024-07-31,2,Tuesday,False,2024,4
2024-07-24,2024,7,24,3,30,July,Jul,2024-07,2024-07-01,2024-07-31,3,Wednesday,False,2024,4
2024-07-25,2024,7,25,3,30,July,Jul,2024-07,2024-07-01,2024-07-31,4,Thursday,False,2024,4
2024-07-26,2024,7,26,3,30,July,Jul,2024-07,2024-07-01,2024-07-31,5,Friday,False,2024,4
2024-07-27,2024,7,27,3,30,July,Jul,2024-07,2024-07-01,2024-07-31,6,Saturday,True,2024,4
2024-07-28,2024,7,28,3,30,July,Jul,2024-07,2024-07-01,2024-07-31,7,Sunday,True,2024,4
2024-07-29,2024,7,29,3,31,July,Jul,2024-07,2024-07-01,2024-07-31,1,Monday,False,2024,4
2024-07-30,2024,7,30,3,31,July,Jul,2024-07,2024-07-01,2024-07-31,2,Tuesday,False,2024,4
2024-07-31,2024,7,31,3,31,July,Jul,2024-07,2024-07-01,2024-07-31,3,Wednesday,False,2024,4
2024-08-01,2024,8,1,3,31,August,Aug,2024-08,2024-08-01,2024-08-31,4,Thursday,False,2024,5
2024-08-02,2024,8,2,3,31,August,Aug,2024-08,2024-08-01,2024-08-31,5,Friday,False,2024,5
2024-08-03,2024,8,3,3,31,August,Aug,2024-08,2024-08-01,2024-08-31,6,Saturday,True,2024,5
2024-08-04,2024,8,4,3,31,August,Aug,2024-08,2024-08-01,2024-08-31,7,Sunday,True,2024,5
2024-08-05,2024,8,5,3,32,August,Aug,2024-08,2024-08-01,2024-08-31,1,Monday,False,2024,5
2024-08-06,2024,8,6,3,32,August,Aug,2024-08,2024-08-01,2024-08-31,2,Tuesday,False,2024,5
2024-08-07,2024,8,7,3,32,August,Aug,2024-08,2024-08-01,2024-08-31,3,Wednesday,False,2024,5
2024-08-08,2024,8,8,3,32,August,Aug,2024-08,2024-08-01,2024-08-31,4,Thursday,False,2024,5
2024-08-09,2024,8,9,3,32,August,Aug,2024-08,2024-08-01,2024-08-31,5,Friday,False,2024,5
2024-08-10,2024,8,10,3,32,August,Aug,2024-08,2024-08-01,2024-08-31,6,Saturday,True,2024,5
2024-08-11,2024,8,11,3,32,August,Aug,2024-08,2024-08-01,2024-08-31,7,Sunday,True,2024,5
2024-08-12,2024,8,12,3,33,August,Aug,2024-08,2024-08-01,2024-08-31,1,Monday,False,2024,5
2024-08-13,2024,8,13,3,33,August,Aug,2024-08,2024-08-01,2024-08-31,2,Tuesday,False,2024,5
2024-08-14,2024,8,14,3,33,August,Aug,2024-08,2024-08-01,2024-08-31,3,Wednesday,False,2024,5
2024-08-15,2024,8,15,3,33,August,Aug,2024-08,2024-08-01,2024-08-31,4,Thursday,False,2024,5
2024-08-16,2024,8,16,3,33,August,Aug,2024-08,2024-08-01,2024-08-31,5,Friday,False,2024,5
2024-08-17,2024,8,17,3,33,August,Aug,2024-08,2024-08-01,2024-08-31,6,Saturday,True,2024,5
2024-08-18,2024,8,18,3,33,August,Aug,2024-08,2024-08-01,2024-08-31,7,Sunday,True,2024,5
2024-08-19,2024,8,19,3,34,August,Aug,2024-08,2024-08-01,2024-08-31,1,Monday,False,2024,5
2024-08-20,2024,8,20,3,34,August,Aug,2024-08,2024-08-01,2024-08-31,2,Tuesday,False,2024,5
2024-08-21,2024,8,21,3,34,August,Aug,2024-08,2024-08-01,2024-08-31,3,Wednesday,False,2024,5
2024-08-22,2024,8,22,3,34,August,Aug,2024-08,2024-08-01,2024-08-31,4,Thursday,False,2024,5
2024-08-23,2024,8,23,3,34,August,Aug,2024-08,2024-08-01,2024-08-31,5,Friday,False,2024,5
2024-08-24,2024,8,24,3,34,August,Aug,2024-08,2024-08-01,2024-08-31,6,Saturday,True,2024,5
2024-08-25,2024,8,25,3,34,August,Aug,2024-08,2024-08-01,2024-08-31,7,Sunday,True,2024,5
2024-08-26,2024,8,26,3,35,August,Aug,2024-08,2024-08-01,2024-08-31,1,Monday,False,2024,5
2024-08-27,2024,8,27,3,35,August,Aug,2024-08,2024-08-01,2024-08-31,2,Tuesday,False,2024,5
2024-08-28,2024,8,28,3,35,August,Aug,2024-08,2024-08-01,2024-08-31,3,Wednesday,False,2024,5
2024-08-29,2024,8,29,3,35,August,Aug,2024-08,2024-08-01,2024-08-31,4,Thursday,False,2024,5
2024-08-30,2024,8,30,3,35,August,Aug,2024-08,2024-08-01,2024-08-31,5,Friday,False,2024,5
2024-08-31,2024,8,31,3,35,August,Aug,2024-08,2024-08-01,2024-08-31,6,Saturday,True,2024,5
2024-09-01,2024,9,1,3,35,September,Sep,2024-09,2024-09-01,2024-09-30,7,Sunday,True,2024,6
2024-09-02,2024,9,2,3,36,September,Sep,2024-09,2024-09-01,2024-09-30,1,Monday,False,2024,6
2024-09-03,2024,9,3,3,36,September,Sep,2024-09,2024-09-01,2024-09-30,2,Tuesday,False,2024,6
2024-09-04,2024,9,4,3,36,September,Sep,2024-09,2024-09-01,2024-09-30,3,Wednesday,False,2024,6
2024-09-05,2024,9,5,3,36,September,Sep,2024-09,2024-09-01,2024-09-30,4,Thursday,False,2024,6
2024-09-06,2024,9,6,3,36,September,Sep,2024-09,2024-09-01,2024-09-30,5,Friday,False,2024,6
2024-09-07,2024,9,7,3,36,September,Sep,2024-09,2024-09-01,2024-09-30,6,Saturday,True,2024,6
2024-09-08,2024,9,8,3,36,September,Sep,2024-09,2024-09-01,2024-09-30,7,Sunday,True,2024,6
2024-09-09,2024,9,9,3,37,September,Sep,2024-09,2024-09-01,2024-09-30,1,Monday,False,2024,6
2024-09-10,2024,9,10,3,37,September,Sep,2024-09,2024-09-01,2024-09-30,2,Tuesday,False,2024,6
2024-09-11,2024,9,11,3,37,September,Sep,2024-09,2024-09-01,2024-09-30,3,Wednesday,False,2024,6
2024-09-12,2024,9,12,3,37,September,Sep,2024-09,2024-09-01,2024-09-30,4,Thursday,False,2024,6
2024-09-13,2024,9,13,3,37,September,Sep,2024-09,2024-09-01,2024-09-30,5,Friday,False,2024,6
2024-09-14,2024,9,14,3,37,September,Sep,2024-09,2024-09-01,2024-09-30,6,Saturday,True,2024,6
2024-09-15,2024,9,15,3,37,September,Sep,2024-09,2024-09-01,2024-09-30,7,Sunday,True,2024,6
2024-09-16,2024,9,16,3,38,September,Sep,2024-09,2024-09-01,2024-09-30,1,Monday,False,2024,6
2024-09-17,2024,9,17,3,38,September,Sep,2024-09,2024-09-01,2024-09-30,2,Tuesday,False,2024,6
2024-09-18,2024,9,18,3,38,September,Sep,2024-09,2024-09-01,2024-09-30,3,Wednesday,False,2024,6
2024-09-19,2024,9,19,3,38,September,Sep,2024-09,2024-09-01,2024-09-30,4,Thursday,False,2024,6
2024-09-20,2024,9,20,3,38,September,Sep,2024-09,2024-09-01,2024-09-30,5,Friday,False,2024,6
2024-09-21,2024,9,21,3,38,September,Sep,2024-09,2024-09-01,2024-09-30,6,Saturday,True,2024,6
2024-09-22,2024,9,22,3,38,September,Sep,2024-09,2024-09-01,2024-09-30,7,Sunday,True,2024,6
2024-09-23,2024,9,23,3,39,September,Sep,2024-09,2024-09-01,2024-09-30,1,Monday,False,2024,6
2024-09-24,2024,9,24,3,39,September,Sep,2024-09,2024-09-01,2024-09-30,2,Tuesday,False,2024,6
2024-09-25,2024,9,25,3,39,September,Sep,2024-09,2024-09-01,2024-09-30,3,Wednesday,False,2024,6
2024-09-26,2024,9,26,3,39,September,Sep,2024-09,2024-09-01,2024-09-30,4,Thursday,False,2024,6
2024-09-27,2024,9,27,3,39,September,Sep,2024-09,2024-09-01,2024-09-30,5,Friday,False,2024,6
2024-09-28,2024,9,28,3,39,September,Sep,2024-09,2024-09-01,2024-09-30,6,Saturday,True,2024,6
2024-09-29,2024,9,29,3,39,September,Sep,2024-09,2024-09-01,2024-09-30,7,Sunday,True,2024,6
2024-09-30,2024,9,30,3,40,September,Sep,2024-09,2024-09-01,2024-09-30,1,Monday,False,2024,6
2024-10-01,2024,10,1,4,40,October,Oct,2024-10,2024-10-01,2024-10-31,2,Tuesday,False,2024,7
2024-10-02,2024,10,2,4,40,October,Oct,2024-10,2024-10-01,2024-10-31,3,Wednesday,False,2024,7
2024-10-03,2024,10,3,4,40,October,Oct,2024-10,2024-10-01,2024-10-31,4,Thursday,False,2024,7
2024-10-04,2024,10,4,4,40,October,Oct,2024-10,2024-10-01,2024-10-31,5,Friday,False,2024,7
2024-10-05,2024,10,5,4,40,October,Oct,2024-10,2024-10-01,2024-10-31,6,Saturday,True,2024,7
2024-10-06,2024,10,6,4,40,October,Oct,2024-10,2024-10-01,2024-10-31,7,Sunday,True,2024,7
2024-10-07,2024,10,7,4,41,October,Oct,2024-10,2024-10-01,2024-10-31,1,Monday,False,2024,7
2024-10-08,2024,10,8,4,41,October,Oct,2024-10,2024-10-01,2024-10-31,2,Tuesday,False,2024,7
2024-10-09,2024,10,9,4,41,October,Oct,2024-10,2024-10-01,2024-10-31,3,Wednesday,False,2024,7
2024-10-10,2024,10,10,4,41,October,Oct,2024-10,2024-10-01,2024-10-31,4,Thursday,False,2024,7
2024-10-11,2024,10,11,4,41,October,Oct,2024-10,2024-10-01,2024-10-31,5,Friday,False,2024,7
2024-10-12,2024,10,12,4,41,October,Oct,2024-10,2024-10-01,2024-10-31,6,Saturday,True,2024,7
2024-10-13,2024,10,13,4,41,October,Oct,2024-10,2024-10-01,2024-10-31,7,Sunday,True,2024,7
2024-10-14,2024,10,14,4,42,October,Oct,2024-10,2024-10-01,2024-10-31,1,Monday,False,2024,7
2024-10-15,2024,10,15,4,42,October,Oct,2024-10,2024-10-01,2024-10-31,2,Tuesday,False,2024,7
2024-10-16,2024,10,16,4,42,October,Oct,2024-10,2024-10-01,2024-10-31,3,Wednesday,False,2024,7
2024-10-17,2024,10,17,4,42,October,Oct,2024-10,2024-10-01,2024-10-31,4,Thursday,False,2024,7
2024-10-18,2024,10,18,4,42,October,Oct,2024-10,2024-10-01,2024-10-31,5,Friday,False,2024,7
2024-10-19,2024,10,19,4,42,October,Oct,2024-10,2024-10-01,2024-10-31,6,Saturday,True,2024,7
2024-10-20,2024,10,20,4,42,October,Oct,2024-10,2024-10-01,2024-10-31,7,Sunday,True,2024,7
2024-10-21,2024,10,21,4,43,October,Oct,2024-10,2024-10-01,2024-10-31,1,Monday,False,2024,7
2024-10-22,2024,10,22,4,43,October,Oct,2024-10,2024-10-01,2024-10-31,2,Tuesday,False,2024,7
2024-10-23,2024,10,23,4,43,October,Oct,2024-10,2024-10-01,2024-10-31,3,Wednesday,False,2024,7
2024-10-24,2024,10,24,4,43,October,Oct,2024-10,2024-10-01,2024-10-31,4,Thursday,False,2024,7
2024-10-25,2024,10,25,4,43,October,Oct,2024-10,2024-10-01,2024-10-31,5,Friday,False,2024,7
2024-10-26,2024,10,26,4,43,October,Oct,2024-10,2024-10-01,2024-10-31,6,Saturday,True,2024,7
2024-10-27,2024,10,27,4,43,October,Oct,2024-10,2024-10-01,2024-10-31,7,Sunday,True,2024,7
2024-10-28,2024,10,28,4,44,October,Oct,2024-10,2024-10-01,2024-10-31,1,Monday,False,2024,7
2024-10-29,2024,10,29,4,44,October,Oct,2024-10,2024-10-01,2024-10-31,2,Tuesday,False,2024,7
2024-10-30,2024,10,30,4,44,October,Oct,2024-10,2024-10-01,2024-10-31,3,Wednesday,False,2024,7
2024-10-31,2024,10,31,4,44,October,Oct,2024-10,2024-10-01,2024-10-31,4,Thursday,False,2024,7
2024-11-01,2024,11,1,4,44,November,Nov,2024-11,2024-11-01,2024-11-30,5,Friday,False,2024,8
2024-11-02,2024,11,2,4,44,November,Nov,2024-11,2024-11-01,2024-11-30,6,Saturday,True,2024,8
2024-11-03,2024,11,3,4,44,November,Nov,2024-11,2024-11-01,2024-11-30,7,Sunday,True,2024,8
2024-11-04,2024,11,4,4,45,November,Nov,2024-11,2024-11-01,2024-11-30,1,Monday,False,2024,8
2024-11-05,2024,11,5,4,45,November,Nov,2024-11,2024-11-01,2024-11-30,2,Tuesday,False,2024,8
2024-11-06,2024,11,6,4,45,November,Nov,2024-11,2024-11-01,2024-11-30,3,Wednesday,False,2024,8
2024-11-07,2024,11,7,4,45,November,Nov,2024-11,2024-11-01,2024-11-30,4,Thursday,False,2024,8
2024-11-08,2024,11,8,4,45,November,Nov,2024-11,2024-11-01,2024-11-30,5,Friday,False,2024,8
2024-11-09,2024,11,9,4,45,November,Nov,2024-11,2024-11-01,2024-11-30,6,Saturday,True,2024,8
2024-11-10,2024,11,10,4,45,November,Nov,2024-11,2024-11-01,2024-11-30,7,Sunday,True,2024,8
2024-11-11,2024,11,11,4,46,November,Nov,2024-11,2024-11-01,2024-11-30,1,Monday,False,2024,8
2024-11-12,2024,11,12,4,46,November,Nov,2024-11,2024-11-01,2024-11-30,2,Tuesday,False,2024,8
2024-11-13,2024,11,13,4,46,November,Nov,2024-11,2024-11-01,2024-11-30,3,Wednesday,False,2024,8
2024-11-14,2024,11,14,4,46,November,Nov,2024-11,2024-11-01,2024-11-30,4,Thursday,False,2024,8
2024-11-15,2024,11,15,4,46,November,Nov,2024-11,2024-11-01,2024-11-30,5,Friday,False,2024,8
2024-11-16,2024,11,16,4,46,November,Nov,2024-11,2024-11-01,2024-11-30,6,Saturday,True,2024,8
2024-11-17,2024,11,17,4,46,November,Nov,2024-11,2024-11-01,2024-11-30,7,Sunday,True,2024,8
2024-11-18,2024,11,18,4,47,November,Nov,2024-11,2024-11-01,2024-11-30,1,Monday,False,2024,8
2024-11-19,2024,11,19,4,47,November,Nov,2024-11,2024-11-01,2024-11-30,2,Tuesday,False,2024,8
2024-11-20,2024,11,20,4,47,November,Nov,2024-11,2024-11-01,2024-11-30,3,Wednesday,False,2024,8
2024-11-21,2024,11,21,4,47,November,Nov,2024-11,2024-11-01,2024-11-30,4,Thursday,False,2024,8
2024-11-22,2024,11,22,4,47,November,Nov,2024-11,2024-11-01,2024-11-30,5,Friday,False,2024,8
2024-11-23,2024,11,23,4,47,November,Nov,2024-11,2024-11-01,2024-11-30,6,Saturday,True,2024,8
2024-11-24,2024,11,24,4,47,November,Nov,2024-11,2024-11-01,2024-11-30,7,Sunday,True,2024,8
2024-11-25,2024,11,25,4,48,November,Nov,2024-11,2024-11-01,2024-11-30,1,Monday,False,2024,8
2024-11-26,2024,11,26,4,48,November,Nov,2024-11,2024-11-01,2024-11-30,2,Tuesday,False,2024,8
2024-11-27,2024,11,27,4,48,November,Nov,2024-11,2024-11-01,2024-11-30,3,Wednesday,False,2024,8
2024-11-28,2024,11,28,4,48,November,Nov,2024-11,2024-11-01,2024-11-30,4,Thursday,False,2024,8
2024-11-29,2024,11,29,4,48,November,Nov,2024-11,2024-11-01,2024-11-30,5,Friday,False,2024,8
2024-11-30,2024,11,30,4,48,November,Nov,2024-11,2024-11-01,2024-11-30,6,Saturday,True,2024,8
2024-12-01,2024,12,1,4,48,December,Dec,2024-12,2024-12-01,2024-12-31,7,Sunday,True,2024,9
2024-12-02,2024,12,2,4,49,December,Dec,2024-12,2024-12-01,2024-12-31,1,Monday,False,2024,9
2024-12-03,2024,12,3,4,49,December,Dec,2024-12,2024-12-01,2024-12-31,2,Tuesday,False,2024,9
2024-12-04,2024,12,4,4,49,December,Dec,2024-12,2024-12-01,2024-12-31,3,Wednesday,False,2024,9
2024-12-05,2024,12,5,4,49,December,Dec,2024-12,2024-12-01,2024-12-31,4,Thursday,False,2024,9
2024-12-06,2024,12,6,4,49,December,Dec,2024-12,2024-12-01,2024-12-31,5,Friday,False,2024,9
2024-12-07,2024,12,7,4,49,December,Dec,2024-12,2024-12-01,2024-12-31,6,Saturday,True,2024,9
2024-12-08,2024,12,8,4,49,December,Dec,2024-12,2024-12-01,2024-12-31,7,Sunday,True,2024,9
2024-12-09,2024,12,9,4,50,December,Dec,2024-12,2024-12-01,2024-12-31,1,Monday,False,2024,9
2024-12-10,2024,12,10,4,50,December,Dec,2024-12,2024-12-01,2024-12-31,2,Tuesday,False,2024,9
2024-12-11,2024,12,11,4,50,December,Dec,2024-12,2024-12-01,2024-12-31,3,Wednesday,False,2024,9
2024-12-12,2024,12,12,4,50,December,Dec,2024-12,2024-12-01,2024-12-31,4,Thursday,False,2024,9
2024-12-13,2024,12,13,4,50,December,Dec,2024-12,2024-12-01,2024-12-31,5,Friday,False,2024,9
2024-12-14,2024,12,14,4,50,December,Dec,2024-12,2024-12-01,2024-12-31,6,Saturday,True,2024,9
2024-12-15,2024,12,15,4,50,December,Dec,2024-12,2024-12-01,2024-12-31,7,Sunday,True,2024,9
2024-12-16,2024,12,16,4,51,December,Dec,2024-12,2024-12-01,2024-12-31,1,Monday,False,2024,9
2024-12-17,2024,12,17,4,51,December,Dec,2024-12,2024-12-01,2024-12-31,2,Tuesday,False,2024,9
2024-12-18,2024,12,18,4,51,December,Dec,2024-12,2024-12-01,2024-12-31,3,Wednesday,False,2024,9
2024-12-19,2024,12,19,4,51,December,Dec,2024-12,2024-12-01,2024-12-31,4,Thursday,False,2024,9
2024-12-20,2024,12,20,4,51,December,Dec,2024-12,2024-12-01,2024-12-31,5,Friday,False,2024,9
2024-12-21,2024,12,21,4,51,December,Dec,2024-12,2024-12-01,2024-12-31,6,Saturday,True,2024,9
2024-12-22,2024,12,22,4,51,December,Dec,2024-12,2024-12-01,2024-12-31,7,Sunday,True,2024,9
2024-12-23,2024,12,23,4,52,December,Dec,2024-12,2024-12-01,2024-12-31,1,Monday,False,2024,9
2024-12-24,2024,12,24,4,52,December,Dec,2024-12,2024-12-01,2024-12-31,2,Tuesday,False,2024,9
2024-12-25,2024,12,25,4,52,December,Dec,2024-12,2024-12-01,2024-12-31,3,Wednesday,False,2024,9
2024-12-26,2024,12,26,4,52,December,Dec,2024-12,2024-12-01,2024-12-31,4,Thursday,False,2024,9
2024-12-27,2024,12,27,4,52,December,Dec,2024-12,2024-12-01,2024-12-31,5,Friday,False,2024,9
2024-12-28,2024,12,28,4,52,December,Dec,2024-12,2024-12-01,2024-12-31,6,Saturday,True,2024,9
2024-12-29,2024,12,29,4,52,December,Dec,2024-12,2024-12-01,2024-12-31,7,Sunday,True,2024,9
2024-12-30,2024,12,30,4,1,December,Dec,2024-12,2024-12-01,2024-12-31,1,Monday,False,2024,9
2024-12-31,2024,12,31,4,1,December,Dec,2024-12,2024-12-01,2024-12-31,2,Tuesday,False,2024,9
2025-01-01,2025,1,1,1,1,January,Jan,2025-01,2025-01-01,2025-01-31,3,Wednesday,False,2024,10
2025-01-02,2025,1,2,1,1,January,Jan,2025-01,2025-01-01,2025-01-31,4,Thursday,False,2024,10
2025-01-03,2025,1,3,1,1,January,Jan,2025-01,2025-01-01,2025-01-31,5,Friday,False,2024,10
2025-01-04,2025,1,4,1,1,January,Jan,2025-01,2025-01-01,2025-01-31,6,Saturday,True,2024,10
2025-01-05,2025,1,5,1,1,January,Jan,2025-01,2025-01-01,2025-01-31,7,Sunday,True,2024,10
2025-01-06,2025,1,6,1,2,January,Jan,2025-01,2025-01-01,2025-01-31,1,Monday,False,2024,10
2025-01-07,2025,1,7,1,2,January,Jan,2025-01,2025-01-01,2025-01-31,2,Tuesday,False,2024,10
2025-01-08,2025,1,8,1,2,January,Jan,2025-01,2025-01-01,2025-01-31,3,Wednesday,False,2024,10
2025-01-09,2025,1,9,1,2,January,Jan,2025-01,2025-01-01,2025-01-31,4,Thursday,False,2024,10
2025-01-10,2025,1,10,1,2,January,Jan,2025-01,2025-01-01,2025-01-31,5,Friday,False,2024,10
2025-01-11,2025,1,11,1,2,January,Jan,2025-01,2025-01-01,2025-01-31,6,Saturday,True,2024,10
2025-01-12,2025,1,12,1,2,January,Jan,2025-01,2025-01-01,2025-01-31,7,Sunday,True,2024,10
2025-01-13,2025,1,13,1,3,January,Jan,2025-01,2025-01-01,2025-01-31,1,Monday,False,2024,10
2025-01-14,2025,1,14,1,3,January,Jan,2025-01,2025-01-01,2025-01-31,2,Tuesday,False,2024,10
2025-01-15,2025,1,15,1,3,January,Jan,2025-01,2025-01-01,2025-01-31,3,Wednesday,False,2024,10
2025-01-16,2025,1,16,1,3,January,Jan,2025-01,2025-01-01,2025-01-31,4,Thursday,False,2024,10
2025-01-17,2025,1,17,1,3,January,Jan,2025-01,2025-01-01,2025-01-31,5,Friday,False,2024,10
2025-01-18,2025,1,18,1,3,January,Jan,2025-01,2025-01-01,2025-01-31,6,Saturday,True,2024,10
2025-01-19,2025,1,19,1,3,January,Jan,2025-01,2025-01-01,2025-01-31,7,Sunday,True,2024,10
2025-01-20,2025,1,20,1,4,January,Jan,2025-01,2025-01-01,2025-01-31,1,Monday,False,2024,10
2025-01-21,2025,1,21,1,4,January,Jan,2025-01,2025-01-01,2025-01-31,2,Tuesday,False,2024,10
2025-01-22,2025,1,22,1,4,January,Jan,2025-01,2025-01-01,2025-01-31,3,Wednesday,False,2024,10
2025-01-23,2025,1,23,1,4,January,Jan,2025-01,2025-01-01,2025-01-31,4,Thursday,False,2024,10
2025-01-24,2025,1,24,1,4,January,Jan,2025-01,2025-01-01,2025-01-31,5,Friday,False,2024,10
2025-01-25,2025,1,25,1,4,January,Jan,2025-01,2025-01-01,2025-01-31,6,Saturday,True,2024,10
2025-01-26,2025,1,26,1,4,January,Jan,2025-01,2025-01-01,2025-01-31,7,Sunday,True,2024,10
2025-01-27,2025,1,27,1,5,January,Jan,2025-01,2025-01-01,2025-01-31,1,Monday,False,2024,10
2025-01-28,2025,1,28,1,5,January,Jan,2025-01,2025-01-01,2025-01-31,2,Tuesday,False,2024,10
2025-01-29,2025,1,29,1,5,January,Jan,2025-01,2025-01-01,2025-01-31,3,Wednesday,False,2024,10
2025-01-30,2025,1,30,1,5,January,Jan,2025-01,2025-01-01,2025-01-31,4,Thursday,False,2024,10
2025-01-31,2025,1,31,1,5,January,Jan,2025-01,2025-01-01,2025-01-31,5,Friday,False,2024,10
2025-02-01,2025,2,1,1,5,February,Feb,2025-02,2025-02-01,2025-02-28,6,Saturday,True,2024,11
2025-02-02,2025,2,2,1,5,February,Feb,2025-02,2025-02-01,2025-02-28,7,Sunday,True,2024,11
2025-02-03,2025,2,3,1,6,February,Feb,2025-02,2025-02-01,2025-02-28,1,Monday,False,2024,11
2025-02-04,2025,2,4,1,6,February,Feb,2025-02,2025-02-01,2025-02-28,2,Tuesday,False,2024,11
2025-02-05,2025,2,5,1,6,February,Feb,2025-02,2025-02-01,2025-02-28,3,Wednesday,False,2024,11
2025-02-06,2025,2,6,1,6,February,Feb,2025-02,2025-02-01,2025-02-28,4,Thursday,False,2024,11
2025-02-07,2025,2,7,1,6,February,Feb,2025-02,2025-02-01,2025-02-28,5,Friday,False,2024,11
2025-02-08,2025,2,8,1,6,February,Feb,2025-02,2025-02-01,2025-02-28,6,Saturday,True,2024,11
2025-02-09,2025,2,9,1,6,February,Feb,2025-02,2025-02-01,2025-02-28,7,Sunday,True,2024,11
2025-02-10,2025,2,10,1,7,February,Feb,2025-02,2025-02-01,2025-02-28,1,Monday,False,2024,11
2025-02-11,2025,2,11,1,7,February,Feb,2025-02,2025-02-01,2025-02-28,2,Tuesday,False,2024,11
2025-02-12,2025,2,12,1,7,February,Feb,2025-02,2025-02-01,2025-02-28,3,Wednesday,False,2024,11
2025-02-13,2025,2,13,1,7,February,Feb,2025-02,2025-02-01,2025-02-28,4,Thursday,False,2024,11
2025-02-14,2025,2,14,1,7,February,Feb,2025-02,2025-02-01,2025-02-28,5,Friday,False,2024,11
2025-02-15,2025,2,15,1,7,February,Feb,2025-02,2025-02-01,2025-02-28,6,Saturday,True,2024,11
2025-02-16,2025,2,16,1,7,February,Feb,2025-02,2025-02-01,2025-02-28,7,Sunday,True,2024,11
2025-02-17,2025,2,17,1,8,February,Feb,2025-02,2025-02-01,2025-02-28,1,Monday,False,2024,11
2025-02-18,2025,2,18,1,8,February,Feb,2025-02,2025-02-01,2025-02-28,2,Tuesday,False,2024,11
2025-02-19,2025,2,19,1,8,February,Feb,2025-02,2025-02-01,2025-02-28,3,Wednesday,False,2024,11
2025-02-20,2025,2,20,1,8,February,Feb,2025-02,2025-02-01,2025-02-28,4,Thursday,False,2024,11
2025-02-21,2025,2,21,1,8,February,Feb,2025-02,2025-02-01,2025-02-28,5,Friday,False,2024,11
2025-02-22,2025,2,22,1,8,February,Feb,2025-02,2025-02-01,2025-02-28,6,Saturday,True,2024,11
2025-02-23,2025,2,23,1,8,February,Feb,2025-02,2025-02-01,2025-02-28,7,Sunday,True,2024,11
2025-02-24,2025,2,24,1,9,February,Feb,2025-02,2025-02-01,2025-02-28,1,Monday,False,2024,11
2025-02-25,2025,2,25,1,9,February,Feb,2025-02,2025-02-01,2025-02-28,2,Tuesday,False,2024,11
2025-02-26,2025,2,26,1,9,February,Feb,2025-02,2025-02-01,2025-02-28,3,Wednesday,False,2024,11
2025-02-27,2025,2,27,1,9,February,Feb,2025-02,2025-02-01,2025-02-28,4,Thursday,False,2024,11
2025-02-28,2025,2,28,1,9,February,Feb,2025-02,2025-02-01,2025-02-28,5,Friday,False,2024,11
2025-03-01,2025,3,1,1,9,March,Mar,2025-03,2025-03-01,2025-03-31,6,Saturday,True,2024,12
2025-03-02,2025,3,2,1,9,March,Mar,2025-03,2025-03-01,2025-03-31,7,Sunday,True,2024,12
2025-03-03,2025,3,3,1,10,March,Mar,2025-03,2025-03-01,2025-03-31,1,Monday,False,2024,12
2025-03-04,2025,3,4,1,10,March,Mar,2025-03,2025-03-01,2025-03-31,2,Tuesday,False,2024,12
2025-03-05,2025,3,5,1,10,March,Mar,2025-03,2025-03-01,2025-03-31,3,Wednesday,False,2024,12
2025-03-06,2025,3,6,1,10,March,Mar,2025-03,2025-03-01,2025-03-31,4,Thursday,False,2024,12
2025-03-07,2025,3,7,1,10,March,Mar,2025-03,2025-03-01,2025-03-31,5,Friday,False,2024,12
2025-03-08,2025,3,8,1,10,March,Mar,2025-03,2025-03-01,2025-03-31,6,Saturday,True,2024,12
2025-03-09,2025,3,9,1,10,March,Mar,2025-03,2025-03-01,2025-03-31,7,Sunday,True,2024,12
2025-03-10,2025,3,10,1,11,March,Mar,2025-03,2025-03-01,2025-03-31,1,Monday,False,2024,12
2025-03-11,2025,3,11,1,11,March,Mar,2025-03,2025-03-01,2025-03-31,2,Tuesday,False,2024,12
2025-03-12,2025,3,12,1,11,March,Mar,2025-03,2025-03-01,2025-03-31,3,Wednesday,False,2024,12
2025-03-13,2025,3,13,1,11,March,Mar,2025-03,2025-03-01,2025-03-31,4,Thursday,False,2024,12
2025-03-14,2025,3,14,1,11,March,Mar,2025-03,2025-03-01,2025-03-31,5,Friday,False,2024,12
2025-03-15,2025,3,15,1,11,March,Mar,2025-03,2025-03-01,2025-03-31,6,Saturday,True,2024,12
2025-03-16,2025,3,16,1,11,March,Mar,2025-03,2025-03-01,2025-03-31,7,Sunday,True,2024,12
2025-03-17,2025,3,17,1,12,March,Mar,2025-03,2025-03-01,2025-03-31,1,Monday,False,2024,12
2025-03-18,2025,3,18,1,12,March,Mar,2025-03,2025-03-01,2025-03-31,2,Tuesday,False,2024,12
2025-03-19,2025,3,19,1,12,March,Mar,2025-03,2025-03-01,2025-03-31,3,Wednesday,False,2024,12
2025-03-20,2025,3,20,1,12,March,Mar,2025-03,2025-03-01,2025-03-31,4,Thursday,False,2024,12
2025-03-21,2025,3,21,1,12,March,Mar,2025-03,2025-03-01,2025-03-31,5,Friday,False,2024,12
2025-03-22,2025,3,22,1,12,March,Mar,2025-03,2025-03-01,2025-03-31,6,Saturday,True,2024,12
2025-03-23,2025,3,23,1,12,March,Mar,2025-03,2025-03-01,2025-03-31,7,Sunday,True,2024,12
2025-03-24,2025,3,24,1,13,March,Mar,2025-03,2025-03-01,2025-03-31,1,Monday,False,2024,12
2025-03-25,2025,3,25,1,13,March,Mar,2025-03,2025-03-01,2025-03-31,2,Tuesday,False,2024,12
2025-03-26,2025,3,26,1,13,March,Mar,2025-03,2025-03-01,2025-03-31,3,Wednesday,False,2024,12
2025-03-27,2025,3,27,1,13,March,Mar,2025-03,2025-03-01,2025-03-31,4,Thursday,False,2024,12
2025-03-28,2025,3,28,1,13,March,Mar,2025-03,2025-03-01,2025-03-31,5,Friday,False,2024,12
2025-03-29,2025,3,29,1,13,March,Mar,2025-03,2025-03-01,2025-03-31,6,Saturday,True,2024,12
2025-03-30,2025,3,30,1,13,March,Mar,2025-03,2025-03-01,2025-03-31,7,Sunday,True,2024,12
2025-03-31,2025,3,31,1,14,March,Mar,2025-03,2025-03-01,2025-03-31,1,Monday,False,2024,12
2025-04-01,2025,4,1,2,14,April,Apr,2025-04,2025-04-01,2025-04-30,2,Tuesday,False,2025,1
2025-04-02,2025,4,2,2,14,April,Apr,2025-04,2025-04-01,2025-04-30,3,Wednesday,False,2025,1
2025-04-03,2025,4,3,2,14,April,Apr,2025-04,2025-04-01,2025-04-30,4,Thursday,False,2025,1
2025-04-04,2025,4,4,2,14,April,Apr,2025-04,2025-04-01,2025-04-30,5,Friday,False,2025,1
2025-04-05,2025,4,5,2,14,April,Apr,2025-04,2025-04-01,2025-04-30,6,Saturday,True,2025,1
2025-04-06,2025,4,6,2,14,April,Apr,2025-04,2025-04-01,2025-04-30,7,Sunday,True,2025,1
2025-04-07,2025,4,7,2,15,April,Apr,2025-04,2025-04-01,2025-04-30,1,Monday,False,2025,1
2025-04-08,2025,4,8,2,15,April,Apr,2025-04,2025-04-01,2025-04-30,2,Tuesday,False,2025,1
2025-04-09,2025,4,9,2,15,April,Apr,2025-04,2025-04-01,2025-04-30,3,Wednesday,False,2025,1
2025-04-10,2025,4,10,2,15,April,Apr,2025-04,2025-04-01,2025-04-30,4,Thursday,False,2025,1
2025-04-11,2025,4,11,2,15,April,Apr,2025-04,2025-04-01,2025-04-30,5,Friday,False,2025,1
2025-04-12,2025,4,12,2,15,April,Apr,2025-04,2025-04-01,2025-04-30,6,Saturday,True,2025,1
2025-04-13,2025,4,13,2,15,April,Apr,2025-04,2025-04-01,2025-04-30,7,Sunday,True,2025,1
2025-04-14,2025,4,14,2,16,April,Apr,2025-04,2025-04-01,2025-04-30,1,Monday,False,2025,1
2025-04-15,2025,4,15,2,16,April,Apr,2025-04,2025-04-01,2025-04-30,2,Tuesday,False,2025,1
2025-04-16,2025,4,16,2,16,April,Apr,2025-04,2025-04-01,2025-04-30,3,Wednesday,False,2025,1
2025-04-17,2025,4,17,2,16,April,Apr,2025-04,2025-04-01,2025-04-30,4,Thursday,False,2025,1
2025-04-18,2025,4,18,2,16,April,Apr,2025-04,2025-04-01,2025-04-30,5,Friday,False,2025,1
2025-04-19,2025,4,19,2,16,April,Apr,2025-04,2025-04-01,2025-04-30,6,Saturday,True,2025,1
2025-04-20,2025,4,20,2,16,April,Apr,2025-04,2025-04-01,2025-04-30,7,Sunday,True,2025,1
2025-04-21,2025,4,21,2,17,April,Apr,2025-04,2025-04-01,2025-04-30,1,Monday,False,2025,1
2025-04-22,2025,4,22,2,17,April,Apr,2025-04,2025-04-01,2025-04-30,2,Tuesday,False,2025,1
2025-04-23,2025,4,23,2,17,April,Apr,2025-04,2025-04-01,2025-04-30,3,Wednesday,False,2025,1
2025-04-24,2025,4,24,2,17,April,Apr,2025-04,2025-04-01,2025-04-30,4,Thursday,False,2025,1
2025-04-25,2025,4,25,2,17,April,Apr,2025-04,2025-04-01,2025-04-30,5,Friday,False,2025,1
2025-04-26,2025,4,26,2,17,April,Apr,2025-04,2025-04-01,2025-04-30,6,Saturday,True,2025,1
2025-04-27,2025,4,27,2,17,April,Apr,2025-04,2025-04-01,2025-04-30,7,Sunday,True,2025,1
2025-04-28,2025,4,28,2,18,April,Apr,2025-04,2025-04-01,2025-04-30,1,Monday,False,2025,1
2025-04-29,2025,4,29,2,18,April,Apr,2025-04,2025-04-01,2025-04-30,2,Tuesday,False,2025,1
2025-04-30,2025,4,30,2,18,April,Apr,2025-04,2025-04-01,2025-04-30,3,Wednesday,False,2025,1
2025-05-01,2025,5,1,2,18,May,May,2025-05,2025-05-01,2025-05-31,4,Thursday,False,2025,2
2025-05-02,2025,5,2,2,18,May,May,2025-05,2025-05-01,2025-05-31,5,Friday,False,2025,2
2025-05-03,2025,5,3,2,18,May,May,2025-05,2025-05-01,2025-05-31,6,Saturday,True,2025,2
2025-05-04,2025,5,4,2,18,May,May,2025-05,2025-05-01,2025-05-31,7,Sunday,True,2025,2
2025-05-05,2025,5,5,2,19,May,May,2025-05,2025-05-01,2025-05-31,1,Monday,False,2025,2
2025-05-06,2025,5,6,2,19,May,May,2025-05,2025-05-01,2025-05-31,2,Tuesday,False,2025,2
2025-05-07,2025,5,7,2,19,May,May,2025-05,2025-05-01,2025-05-31,3,Wednesday,False,2025,2
2025-05-08,2025,5,8,2,19,May,May,2025-05,2025-05-01,2025-05-31,4,Thursday,False,2025,2
2025-05-09,2025,5,9,2,19,May,May,2025-05,2025-05-01,2025-05-31,5,Friday,False,2025,2
2025-05-10,2025,5,10,2,19,May,May,2025-05,2025-05-01,2025-05-31,6,Saturday,True,2025,2
2025-05-11,2025,5,11,2,19,May,May,2025-05,2025-05-01,2025-05-31,7,Sunday,True,2025,2
2025-05-12,2025,5,12,2,20,May,May,2025-05,2025-05-01,2025-05-31,1,Monday,False,2025,2
2025-05-13,2025,5,13,2,20,May,May,2025-05,2025-05-01,2025-05-31,2,Tuesday,False,2025,2
2025-05-14,2025,5,14,2,20,May,May,2025-05,2025-05-01,2025-05-31,3,Wednesday,False,2025,2
2025-05-15,2025,5,15,2,20,May,May,2025-05,2025-05-01,2025-05-31,4,Thursday,False,2025,2
2025-05-16,2025,5,16,2,20,May,May,2025-05,2025-05-01,2025-05-31,5,Friday,False,2025,2
2025-05-17,2025,5,17,2,20,May,May,2025-05,2025-05-01,2025-05-31,6,Saturday,True,2025,2
2025-05-18,2025,5,18,2,20,May,May,2025-05,2025-05-01,2025-05-31,7,Sunday,True,2025,2
2025-05-19,2025,5,19,2,21,May,May,2025-05,2025-05-01,2025-05-31,1,Monday,False,2025,2
2025-05-20,2025,5,20,2,21,May,May,2025-05,2025-05-01,2025-05-31,2,Tuesday,False,2025,2
2025-05-21,2025,5,21,2,21,May,May,2025-05,2025-05-01,2025-05-31,3,Wednesday,False,2025,2
2025-05-22,2025,5,22,2,21,May,May,2025-05,2025-05-01,2025-05-31,4,Thursday,False,2025,2
2025-05-23,2025,5,23,2,21,May,May,2025-05,2025-05-01,2025-05-31,5,Friday,False,2025,2
2025-05-24,2025,5,24,2,21,May,May,2025-05,2025-05-01,2025-05-31,6,Saturday,True,2025,2
2025-05-25,2025,5,25,2,21,May,May,2025-05,2025-05-01,2025-05-31,7,Sunday,True,2025,2
2025-05-26,2025,5,26,2,22,May,May,2025-05,2025-05-01,2025-05-31,1,Monday,False,2025,2
2025-05-27,2025,5,27,2,22,May,May,2025-05,2025-05-01,2025-05-31,2,Tuesday,False,2025,2
2025-05-28,2025,5,28,2,22,May,May,2025-05,2025-05-01,2025-05-31,3,Wednesday,False,2025,2
2025-05-29,2025,5,29,2,22,May,May,2025-05,2025-05-01,2025-05-31,4,Thursday,False,2025,2
2025-05-30,2025,5,30,2,22,May,May,2025-05,2025-05-01,2025-05-31,5,Friday,False,2025,2
2025-05-31,2025,5,31,2,22,May,May,2025-05,2025-05-01,2025-05-31,6,Saturday,True,2025,2
2025-06-01,2025,6,1,2,22,June,Jun,2025-06,2025-06-01,2025-06-30,7,Sunday,True,2025,3
2025-06-02,2025,6,2,2,23,June,Jun,2025-06,2025-06-01,2025-06-30,1,Monday,False,2025,3
2025-06-03,2025,6,3,2,23,June,Jun,2025-06,2025-06-01,2025-06-30,2,Tuesday,False,2025,3
2025-06-04,2025,6,4,2,23,June,Jun,2025-06,2025-06-01,2025-06-30,3,Wednesday,False,2025,3
2025-06-05,2025,6,5,2,23,June,Jun,2025-06,2025-06-01,2025-06-30,4,Thursday,False,2025,3
2025-06-06,2025,6,6,2,23,June,Jun,2025-06,2025-06-01,2025-06-30,5,Friday,False,2025,3
2025-06-07,2025,6,7,2,23,June,Jun,2025-06,2025-06-01,2025-06-30,6,Saturday,True,2025,3
2025-06-08,2025,6,8,2,23,June,Jun,2025-06,2025-06-01,2025-06-30,7,Sunday,True,2025,3
2025-06-09,2025,6,9,2,24,June,Jun,2025-06,2025-06-01,2025-06-30,1,Monday,False,2025,3
2025-06-10,2025,6,10,2,24,June,Jun,2025-06,2025-06-01,2025-06-30,2,Tuesday,False,2025,3
2025-06-11,2025,6,11,2,24,June,Jun,2025-06,2025-06-01,2025-06-30,3,Wednesday,False,2025,3
2025-06-12,2025,6,12,2,24,June,Jun,2025-06,2025-06-01,2025-06-30,4,Thursday,False,2025,3
2025-06-13,2025,6,13,2,24,June,Jun,2025-06,2025-06-01,2025-06-30,5,Friday,False,2025,3
2025-06-14,2025,6,14,2,24,June,Jun,2025-06,2025-06-01,2025-06-30,6,Saturday,True,2025,3
2025-06-15,2025,6,15,2,24,June,Jun,2025-06,2025-06-01,2025-06-30,7,Sunday,True,2025,3
2025-06-16,2025,6,16,2,25,June,Jun,2025-06,2025-06-01,2025-06-30,1,Monday,False,2025,3
2025-06-17,2025,6,17,2,25,June,Jun,2025-06,2025-06-01,2025-06-30,2,Tuesday,False,2025,3
2025-06-18,2025,6,18,2,25,June,Jun,2025-06,2025-06-01,2025-06-30,3,Wednesday,False,2025,3
2025-06-19,2025,6,19,2,25,June,Jun,2025-06,2025-06-01,2025-06-30,4,Thursday,False,2025,3
2025-06-20,2025,6,20,2,25,June,Jun,2025-06,2025-06-01,2025-06-30,5,Friday,False,2025,3
2025-06-21,2025,6,21,2,25,June,Jun,2025-06,2025-06-01,2025-06-30,6,Saturday,True,2025,3
2025-06-22,2025,6,22,2,25,June,Jun,2025-06,2025-06-01,2025-06-30,7,Sunday,True,2025,3
2025-06-23,2025,6,23,2,26,June,Jun,2025-06,2025-06-01,2025-06-30,1,Monday,False,2025,3
2025-06-24,2025,6,24,2,26,June,Jun,2025-06,2025-06-01,2025-06-30,2,Tuesday,False,2025,3
2025-06-25,2025,6,25,2,26,June,Jun,2025-06,2025-06-01,2025-06-30,3,Wednesday,False,2025,3
2025-06-26,2025,6,26,2,26,June,Jun,2025-06,2025-06-01,2025-06-30,4,Thursday,False,2025,3
2025-06-27,2025,6,27,2,26,June,Jun,2025-06,2025-06-01,2025-06-30,5,Friday,False,2025,3
2025-06-28,2025,6,28,2,26,June,Jun,2025-06,2025-06-01,2025-06-30,6,Saturday,True,2025,3
2025-06-29,2025,6,29,2,26,June,Jun,2025-06,2025-06-01,2025-06-30,7,Sunday,True,2025,3
2025-06-30,2025,6,30,2,27,June,Jun,2025-06,2025-06-01,2025-06-30,1,Monday,False,2025,3
2025-07-01,2025,7,1,3,27,July,Jul,2025-07,2025-07-01,2025-07-31,2,Tuesday,False,2025,4
2025-07-02,2025,7,2,3,27,July,Jul,2025-07,2025-07-01,2025-07-31,3,Wednesday,False,2025,4
2025-07-03,2025,7,3,3,27,July,Jul,2025-07,2025-07-01,2025-07-31,4,Thursday,False,2025,4
2025-07-04,2025,7,4,3,27,July,Jul,2025-07,2025-07-01,2025-07-31,5,Friday,False,2025,4
2025-07-05,2025,7,5,3,27,July,Jul,2025-07,2025-07-01,2025-07-31,6,Saturday,True,2025,4
2025-07-06,2025,7,6,3,27,July,Jul,2025-07,2025-07-01,2025-07-31,7,Sunday,True,2025,4
2025-07-07,2025,7,7,3,28,July,Jul,2025-07,2025-07-01,2025-07-31,1,Monday,False,2025,4
2025-07-08,2025,7,8,3,28,July,Jul,2025-07,2025-07-01,2025-07-31,2,Tuesday,False,2025,4
2025-07-09,2025,7,9,3,28,July,Jul,2025-07,2025-07-01,2025-07-31,3,Wednesday,False,2025,4
2025-07-10,2025,7,10,3,28,July,Jul,2025-07,2025-07-01,2025-07-31,4,Thursday,False,2025,4
2025-07-11,2025,7,11,3,28,July,Jul,2025-07,2025-07-01,2025-07-31,5,Friday,False,2025,4
2025-07-12,2025,7,12,3,28,July,Jul,2025-07,2025-07-01,2025-07-31,6,Saturday,True,2025,4
2025-07-13,2025,7,13,3,28,July,Jul,2025-07,2025-07-01,2025-07-31,7,Sunday,True,2025,4
2025-07-14,2025,7,14,3,29,July,Jul,2025-07,2025-07-01,2025-07-31,1,Monday,False,2025,4
2025-07-15,2025,7,15,3,29,July,Jul,2025-07,2025-07-01,2025-07-31,2,Tuesday,False,2025,4
2025-07-16,2025,7,16,3,29,July,Jul,2025-07,2025-07-01,2025-07-31,3,Wednesday,False,2025,4
2025-07-17,2025,7,17,3,29,July,Jul,2025-07,2025-07-01,2025-07-31,4,Thursday,False,2025,4
2025-07-18,2025,7,18,3,29,July,Jul,2025-07,2025-07-01,2025-07-31,5,Friday,False,2025,4
2025-07-19,2025,7,19,3,29,July,Jul,2025-07,2025-07-01,2025-07-31,6,Saturday,True,2025,4
2025-07-20,2025,7,20,3,29,July,Jul,2025-07,2025-07-01,2025-07-31,7,Sunday,True,2025,4
2025-07-21,2025,7,21,3,30,July,Jul,2025-07,2025-07-01,2025-07-31,1,Monday,False,2025,4
2025-07-22,2025,7,22,3,30,July,Jul,2025-07,2025-07-01,2025-07-31,2,Tuesday,False,2025,4
2025-07-23,2025,7,23,3,30,July,Jul,2025-07,2025-07-01,2025-07-31,3,Wednesday,False,2025,4
2025-07-24,2025,7,24,3,30,July,Jul,2025-07,2025-07-01,2025-07-31,4,Thursday,False,2025,4
2025-07-25,2025,7,25,3,30,July,Jul,2025-07,2025-07-01,2025-07-31,5,Friday,False,2025,4
2025-07-26,2025,7,26,3,30,July,Jul,2025-07,2025-07-01,2025-07-31,6,Saturday,True,2025,4
2025-07-27,2025,7,27,3,30,July,Jul,2025-07,2025-07-01,2025-07-31,7,Sunday,True,2025,4
2025-07-28,2025,7,28,3,31,July,Jul,2025-07,2025-07-01,2025-07-31,1,Monday,False,2025,4
2025-07-29,2025,7,29,3,31,July,Jul,2025-07,2025-07-01,2025-07-31,2,Tuesday,False,2025,4
2025-07-30,2025,7,30,3,31,July,Jul,2025-07,2025-07-01,2025-07-31,3,Wednesday,False,2025,4
2025-07-31,2025,7,31,3,31,July,Jul,2025-07,2025-07-01,2025-07-31,4,Thursday,False,2025,4
2025-08-01,2025,8,1,3,31,August,Aug,2025-08,2025-08-01,2025-08-31,5,Friday,False,2025,5
2025-08-02,2025,8,2,3,31,August,Aug,2025-08,2025-08-01,2025-08-31,6,Saturday,True,2025,5
2025-08-03,2025,8,3,3,31,August,Aug,2025-08,2025-08-01,2025-08-31,7,Sunday,True,2025,5
2025-08-04,2025,8,4,3,32,August,Aug,2025-08,2025-08-01,2025-08-31,1,Monday,False,2025,5
2025-08-05,2025,8,5,3,32,August,Aug,2025-08,2025-08-01,2025-08-31,2,Tuesday,False,2025,5
2025-08-06,2025,8,6,3,32,August,Aug,2025-08,2025-08-01,2025-08-31,3,Wednesday,False,2025,5
2025-08-07,2025,8,7,3,32,August,Aug,2025-08,2025-08-01,2025-08-31,4,Thursday,False,2025,5
2025-08-08,2025,8,8,3,32,August,Aug,2025-08,2025-08-01,2025-08-31,5,Friday,False,2025,5
2025-08-09,2025,8,9,3,32,August,Aug,2025-08,2025-08-01,2025-08-31,6,Saturday,True,2025,5
2025-08-10,2025,8,10,3,32,August,Aug,2025-08,2025-08-01,2025-08-31,7,Sunday,True,2025,5
2025-08-11,2025,8,11,3,33,August,Aug,2025-08,2025-08-01,2025-08-31,1,Monday,False,2025,5
2025-08-12,2025,8,12,3,33,August,Aug,2025-08,2025-08-01,2025-08-31,2,Tuesday,False,2025,5
2025-08-13,2025,8,13,3,33,August,Aug,2025-08,2025-08-01,2025-08-31,3,Wednesday,False,2025,5
2025-08-14,2025,8,14,3,33,August,Aug,2025-08,2025-08-01,2025-08-31,4,Thursday,False,2025,5
2025-08-15,2025,8,15,3,33,August,Aug,2025-08,2025-08-01,2025-08-31,5,Friday,False,2025,5
2025-08-16,2025,8,16,3,33,August,Aug,2025-08,2025-08-01,2025-08-31,6,Saturday,True,2025,5
2025-08-17,2025,8,17,3,33,August,Aug,2025-08,2025-08-01,2025-08-31,7,Sunday,True,2025,5
2025-08-18,2025,8,18,3,34,August,Aug,2025-08,2025-08-01,2025-08-31,1,Monday,False,2025,5
2025-08-19,2025,8,19,3,34,August,Aug,2025-08,2025-08-01,2025-08-31,2,Tuesday,False,2025,5
2025-08-20,2025,8,20,3,34,August,Aug,2025-08,2025-08-01,2025-08-31,3,Wednesday,False,2025,5
2025-08-21,2025,8,21,3,34,August,Aug,2025-08,2025-08-01,2025-08-31,4,Thursday,False,2025,5
2025-08-22,2025,8,22,3,34,August,Aug,2025-08,2025-08-01,2025-08-31,5,Friday,False,2025,5
2025-08-23,2025,8,23,3,34,August,Aug,2025-08,2025-08-01,2025-08-31,6,Saturday,True,2025,5
2025-08-24,2025,8,24,3,34,August,Aug,2025-08,2025-08-01,2025-08-31,7,Sunday,True,2025,5
2025-08-25,2025,8,25,3,35,August,Aug,2025-08,2025-08-01,2025-08-31,1,Monday,False,2025,5
2025-08-26,2025,8,26,3,35,August,Aug,2025-08,2025-08-01,2025-08-31,2,Tuesday,False,2025,5
2025-08-27,2025,8,27,3,35,August,Aug,2025-08,2025-08-01,2025-08-31,3,Wednesday,False,2025,5
2025-08-28,2025,8,28,3,35,August,Aug,2025-08,2025-08-01,2025-08-31,4,Thursday,False,2025,5
2025-08-29,2025,8,29,3,35,August,Aug,2025-08,2025-08-01,2025-08-31,5,Friday,False,2025,5
2025-08-30,2025,8,30,3,35,August,Aug,2025-08,2025-08-01,2025-08-31,6,Saturday,True,2025,5
2025-08-31,2025,8,31,3,35,August,Aug,2025-08,2025-08-01,2025-08-31,7,Sunday,True,2025,5
2025-09-01,2025,9,1,3,36,September,Sep,2025-09,2025-09-01,2025-09-30,1,Monday,False,2025,6
2025-09-02,2025,9,2,3,36,September,Sep,2025-09,2025-09-01,2025-09-30,2,Tuesday,False,2025,6
2025-09-03,2025,9,3,3,36,September,Sep,2025-09,2025-09-01,2025-09-30,3,Wednesday,False,2025,6
2025-09-04,2025,9,4,3,36,September,Sep,2025-09,2025-09-01,2025-09-30,4,Thursday,False,2025,6
2025-09-05,2025,9,5,3,36,September,Sep,2025-09,2025-09-01,2025-09-30,5,Friday,False,2025,6
2025-09-06,2025,9,6,3,36,September,Sep,2025-09,2025-09-01,2025-09-30,6,Saturday,True,2025,6
2025-09-07,2025,9,7,3,36,September,Sep,2025-09,2025-09-01,2025-09-30,7,Sunday,True,2025,6
2025-09-08,2025,9,8,3,37,September,Sep,2025-09,2025-09-01,2025-09-30,1,Monday,False,2025,6
2025-09-09,2025,9,9,3,37,September,Sep,2025-09,2025-09-01,2025-09-30,2,Tuesday,False,2025,6
2025-09-10,2025,9,10,3,37,September,Sep,2025-09,2025-09-01,2025-09-30,3,Wednesday,False,2025,6
2025-09-11,2025,9,11,3,37,September,Sep,2025-09,2025-09-01,2025-09-30,4,Thursday,False,2025,6
2025-09-12,2025,9,12,3,37,September,Sep,2025-09,2025-09-01,2025-09-30,5,Friday,False,2025,6
2025-09-13,2025,9,13,3,37,September,Sep,2025-09,2025-09-01,2025-09-30,6,Saturday,True,2025,6
2025-09-14,2025,9,14,3,37,September,Sep,2025-09,2025-09-01,2025-09-30,7,Sunday,True,2025,6
2025-09-15,2025,9,15,3,38,September,Sep,2025-09,2025-09-01,2025-09-30,1,Monday,False,2025,6
2025-09-16,2025,9,16,3,38,September,Sep,2025-09,2025-09-01,2025-09-30,2,Tuesday,False,2025,6
2025-09-17,2025,9,17,3,38,September,Sep,2025-09,2025-09-01,2025-09-30,3,Wednesday,False,2025,6
2025-09-18,2025,9,18,3,38,September,Sep,2025-09,2025-09-01,2025-09-30,4,Thursday,False,2025,6
2025-09-19,2025,9,19,3,38,September,Sep,2025-09,2025-09-01,2025-09-30,5,Friday,False,2025,6
2025-09-20,2025,9,20,3,38,September,Sep,2025-09,2025-09-01,2025-09-30,6,Saturday,True,2025,6
2025-09-21,2025,9,21,3,38,September,Sep,2025-09,2025-09-01,2025-09-30,7,Sunday,True,2025,6
2025-09-22,2025,9,22,3,39,September,Sep,2025-09,2025-09-01,2025-09-30,1,Monday,False,2025,6
2025-09-23,2025,9,23,3,39,September,Sep,2025-09,2025-09-01,2025-09-30,2,Tuesday,False,2025,6
2025-09-24,2025,9,24,3,39,September,Sep,2025-09,2025-09-01,2025-09-30,3,Wednesday,False,2025,6
2025-09-25,2025,9,25,3,39,September,Sep,2025-09,2025-09-01,2025-09-30,4,Thursday,False,2025,6
2025-09-26,2025,9,26,3,39,September,Sep,2025-09,2025-09-01,2025-09-30,5,Friday,False,2025,6
2025-09-27,2025,9,27,3,39,September,Sep,2025-09,2025-09-01,2025-09-30,6,Saturday,True,2025,6
2025-09-28,2025,9,28,3,39,September,Sep,2025-09,2025-09-01,2025-09-30,7,Sunday,True,2025,6
2025-09-29,2025,9,29,3,40,September,Sep,2025-09,2025-09-01,2025-09-30,1,Monday,False,2025,6
2025-09-30,2025,9,30,3,40,September,Sep,2025-09,2025-09-01,2025-09-30,2,Tuesday,False,2025,6
2025-10-01,2025,10,1,4,40,October,Oct,2025-10,2025-10-01,2025-10-31,3,Wednesday,False,2025,7
2025-10-02,2025,10,2,4,40,October,Oct,2025-10,2025-10-01,2025-10-31,4,Thursday,False,2025,7
2025-10-03,2025,10,3,4,40,October,Oct,2025-10,2025-10-01,2025-10-31,5,Friday,False,2025,7
2025-10-04,2025,10,4,4,40,October,Oct,2025-10,2025-10-01,2025-10-31,6,Saturday,True,2025,7
2025-10-05,2025,10,5,4,40,October,Oct,2025-10,2025-10-01,2025-10-31,7,Sunday,True,2025,7
2025-10-06,2025,10,6,4,41,October,Oct,2025-10,2025-10-01,2025-10-31,1,Monday,False,2025,7
2025-10-07,2025,10,7,4,41,October,Oct,2025-10,2025-10-01,2025-10-31,2,Tuesday,False,2025,7
2025-10-08,2025,10,8,4,41,October,Oct,2025-10,2025-10-01,2025-10-31,3,Wednesday,False,2025,7
2025-10-09,2025,10,9,4,41,October,Oct,2025-10,2025-10-01,2025-10-31,4,Thursday,False,2025,7
2025-10-10,2025,10,10,4,41,October,Oct,2025-10,2025-10-01,2025-10-31,5,Friday,False,2025,7
2025-10-11,2025,10,11,4,41,October,Oct,2025-10,2025-10-01,2025-10-31,6,Saturday,True,2025,7
2025-10-12,2025,10,12,4,41,October,Oct,2025-10,2025-10-01,2025-10-31,7,Sunday,True,2025,7
2025-10-13,2025,10,13,4,42,October,Oct,2025-10,2025-10-01,2025-10-31,1,Monday,False,2025,7
2025-10-14,2025,10,14,4,42,October,Oct,2025-10,2025-10-01,2025-10-31,2,Tuesday,False,2025,7
2025-10-15,2025,10,15,4,42,October,Oct,2025-10,2025-10-01,2025-10-31,3,Wednesday,False,2025,7
2025-10-16,2025,10,16,4,42,October,Oct,2025-10,2025-10-01,2025-10-31,4,Thursday,False,2025,7
2025-10-17,2025,10,17,4,42,October,Oct,2025-10,2025-10-01,2025-10-31,5,Friday,False,2025,7
2025-10-18,2025,10,18,4,42,October,Oct,2025-10,2025-10-01,2025-10-31,6,Saturday,True,2025,7
2025-10-19,2025,10,19,4,42,October,Oct,2025-10,2025-10-01,2025-10-31,7,Sunday,True,2025,7
2025-10-20,2025,10,20,4,43,October,Oct,2025-10,2025-10-01,2025-10-31,1,Monday,False,2025,7
2025-10-21,2025,10,21,4,43,October,Oct,2025-10,2025-10-01,2025-10-31,2,Tuesday,False,2025,7
2025-10-22,2025,10,22,4,43,October,Oct,2025-10,2025-10-01,2025-10-31,3,Wednesday,False,2025,7
2025-10-23,2025,10,23,4,43,October,Oct,2025-10,2025-10-01,2025-10-31,4,Thursday,False,2025,7
2025-10-24,2025,10,24,4,43,October,Oct,2025-10,2025-10-01,2025-10-31,5,Friday,False,2025,7
2025-10-25,2025,10,25,4,43,October,Oct,2025-10,2025-10-01,2025-10-31,6,Saturday,True,2025,7
2025-10-26,2025,10,26,4,43,October,Oct,2025-10,2025-10-01,2025-10-31,7,Sunday,True,2025,7
2025-10-27,2025,10,27,4,44,October,Oct,2025-10,2025-10-01,2025-10-31,1,Monday,False,2025,7
2025-10-28,2025,10,28,4,44,October,Oct,2025-10,2025-10-01,2025-10-31,2,Tuesday,False,2025,7
2025-10-29,2025,10,29,4,44,October,Oct,2025-10,2025-10-01,2025-10-31,3,Wednesday,False,2025,7
2025-10-30,2025,10,30,4,44,October,Oct,2025-10,2025-10-01,2025-10-31,4,Thursday,False,2025,7
2025-10-31,2025,10,31,4,44,October,Oct,2025-10,2025-10-01,2025-10-31,5,Friday,False,2025,7
2025-11-01,2025,11,1,4,44,November,Nov,2025-11,2025-11-01,2025-11-30,6,Saturday,True,2025,8
2025-11-02,2025,11,2,4,44,November,Nov,2025-11,2025-11-01,2025-11-30,7,Sunday,True,2025,8
2025-11-03,2025,11,3,4,45,November,Nov,2025-11,2025-11-01,2025-11-30,1,Monday,False,2025,8
2025-11-04,2025,11,4,4,45,November,Nov,2025-11,2025-11-01,2025-11-30,2,Tuesday,False,2025,8
2025-11-05,2025,11,5,4,45,November,Nov,2025-11,2025-11-01,2025-11-30,3,Wednesday,False,2025,8
2025-11-06,2025,11,6,4,45,November,Nov,2025-11,2025-11-01,2025-11-30,4,Thursday,False,2025,8
2025-11-07,2025,11,7,4,45,November,Nov,2025-11,2025-11-01,2025-11-30,5,Friday,False,2025,8
2025-11-08,2025,11,8,4,45,November,Nov,2025-11,2025-11-01,2025-11-30,6,Saturday,True,2025,8
2025-11-09,2025,11,9,4,45,November,Nov,2025-11,2025-11-01,2025-11-30,7,Sunday,True,2025,8
2025-11-10,2025,11,10,4,46,November,Nov,2025-11,2025-11-01,2025-11-30,1,Monday,False,2025,8
2025-11-11,2025,11,11,4,46,November,Nov,2025-11,2025-11-01,2025-11-30,2,Tuesday,False,2025,8
2025-11-12,2025,11,12,4,46,November,Nov,2025-11,2025-11-01,2025-11-30,3,Wednesday,False,2025,8
2025-11-13,2025,11,13,4,46,November,Nov,2025-11,2025-11-01,2025-11-30,4,Thursday,False,2025,8
2025-11-14,2025,11,14,4,46,November,Nov,2025-11,2025-11-01,2025-11-30,5,Friday,False,2025,8
2025-11-15,2025,11,15,4,46,November,Nov,2025-11,2025-11-01,2025-11-30,6,Saturday,True,2025,8
2025-11-16,2025,11,16,4,46,November,Nov,2025-11,2025-11-01,2025-11-30,7,Sunday,True,2025,8
2025-11-17,2025,11,17,4,47,November,Nov,2025-11,2025-11-01,2025-11-30,1,Monday,False,2025,8
2025-11-18,2025,11,18,4,47,November,Nov,2025-11,2025-11-01,2025-11-30,2,Tuesday,False,2025,8
2025-11-19,2025,11,19,4,47,November,Nov,2025-11,2025-11-01,2025-11-30,3,Wednesday,False,2025,8
2025-11-20,2025,11,20,4,47,November,Nov,2025-11,2025-11-01,2025-11-30,4,Thursday,False,2025,8
2025-11-21,2025,11,21,4,47,November,Nov,2025-11,2025-11-01,2025-11-30,5,Friday,False,2025,8
2025-11-22,2025,11,22,4,47,November,Nov,2025-11,2025-11-01,2025-11-30,6,Saturday,True,2025,8
2025-11-23,2025,11,23,4,47,November,Nov,2025-11,2025-11-01,2025-11-30,7,Sunday,True,2025,8
2025-11-24,2025,11,24,4,48,November,Nov,2025-11,2025-11-01,2025-11-30,1,Monday,False,2025,8
2025-11-25,2025,11,25,4,48,November,Nov,2025-11,2025-11-01,2025-11-30,2,Tuesday,False,2025,8
2025-11-26,2025,11,26,4,48,November,Nov,2025-11,2025-11-01,2025-11-30,3,Wednesday,False,2025,8
2025-11-27,2025,11,27,4,48,November,Nov,2025-11,2025-11-01,2025-11-30,4,Thursday,False,2025,8
2025-11-28,2025,11,28,4,48,November,Nov,2025-11,2025-11-01,2025-11-30,5,Friday,False,2025,8
2025-11-29,2025,11,29,4,48,November,Nov,2025-11,2025-11-01,2025-11-30,6,Saturday,True,2025,8
2025-11-30,2025,11,30,4,48,November,Nov,2025-11,2025-11-01,2025-11-30,7,Sunday,True,2025,8
2025-12-01,2025,12,1,4,49,December,Dec,2025-12,2025-12-01,2025-12-31,1,Monday,False,2025,9
2025-12-02,2025,12,2,4,49,December,Dec,2025-12,2025-12-01,2025-12-31,2,Tuesday,False,2025,9
2025-12-03,2025,12,3,4,49,December,Dec,2025-12,2025-12-01,2025-12-31,3,Wednesday,False,2025,9
2025-12-04,2025,12,4,4,49,December,Dec,2025-12,2025-12-01,2025-12-31,4,Thursday,False,2025,9
2025-12-05,2025,12,5,4,49,December,Dec,2025-12,2025-12-01,2025-12-31,5,Friday,False,2025,9
2025-12-06,2025,12,6,4,49,December,Dec,2025-12,2025-12-01,2025-12-31,6,Saturday,True,2025,9
2025-12-07,2025,12,7,4,49,December,Dec,2025-12,2025-12-01,2025-12-31,7,Sunday,True,2025,9
2025-12-08,2025,12,8,4,50,December,Dec,2025-12,2025-12-01,2025-12-31,1,Monday,False,2025,9
2025-12-09,2025,12,9,4,50,December,Dec,2025-12,2025-12-01,2025-12-31,2,Tuesday,False,2025,9
2025-12-10,2025,12,10,4,50,December,Dec,2025-12,2025-12-01,2025-12-31,3,Wednesday,False,2025,9
2025-12-11,2025,12,11,4,50,December,Dec,2025-12,2025-12-01,2025-12-31,4,Thursday,False,2025,9
2025-12-12,2025,12,12,4,50,December,Dec,2025-12,2025-12-01,2025-12-31,5,Friday,False,2025,9
2025-12-13,2025,12,13,4,50,December,Dec,2025-12,2025-12-01,2025-12-31,6,Saturday,True,2025,9
2025-12-14,2025,12,14,4,50,December,Dec,2025-12,2025-12-01,2025-12-31,7,Sunday,True,2025,9
2025-12-15,2025,12,15,4,51,December,Dec,2025-12,2025-12-01,2025-12-31,1,Monday,False,2025,9
2025-12-16,2025,12,16,4,51,December,Dec,2025-12,2025-12-01,2025-12-31,2,Tuesday,False,2025,9
2025-12-17,2025,12,17,4,51,December,Dec,2025-12,2025-12-01,2025-12-31,3,Wednesday,False,2025,9
2025-12-18,2025,12,18,4,51,December,Dec,2025-12,2025-12-01,2025-12-31,4,Thursday,False,2025,9
2025-12-19,2025,12,19,4,51,December,Dec,2025-12,2025-12-01,2025-12-31,5,Friday,False,2025,9
2025-12-20,2025,12,20,4,51,December,Dec,2025-12,2025-12-01,2025-12-31,6,Saturday,True,2025,9
2025-12-21,2025,12,21,4,51,December,Dec,2025-12,2025-12-01,2025-12-31,7,Sunday,True,2025,9
2025-12-22,2025,12,22,4,52,December,Dec,2025-12,2025-12-01,2025-12-31,1,Monday,False,2025,9
2025-12-23,2025,12,23,4,52,December,Dec,2025-12,2025-12-01,2025-12-31,2,Tuesday,False,2025,9
2025-12-24,2025,12,24,4,52,December,Dec,2025-12,2025-12-01,2025-12-31,3,Wednesday,False,2025,9
2025-12-25,2025,12,25,4,52,December,Dec,2025-12,2025-12-01,2025-12-31,4,Thursday,False,2025,9
2025-12-26,2025,12,26,4,52,December,Dec,2025-12,2025-12-01,2025-12-31,5,Friday,False,2025,9
2025-12-27,2025,12,27,4,52,December,Dec,2025-12,2025-12-01,2025-12-31,6,Saturday,True,2025,9
2025-12-28,2025,12,28,4,52,December,Dec,2025-12,2025-12-01,2025-12-31,7,Sunday,True,2025,9
2025-12-29,2025,12,29,4,1,December,Dec,2025-12,2025-12-01,2025-12-31,1,Monday,False,2025,9
2025-12-30,2025,12,30,4,1,December,Dec,2025-12,2025-12-01,2025-12-31,2,Tuesday,False,2025,9
2025-12-31,2025,12,31,4,1,December,Dec,2025-12,2025-12-01,2025-12-31,3,Wednesday,False,2025,9
